Season,Matchday,HomeTeam,AwayTeam,HomePos,AwayPos,HW,HD,HL,HGF,HGA,HGD,HPoints,AW,AD,AL,AGF,AGA,AGD,APoints,FTR
2035992,1,che,mbl,0,0,0,0,0,0,0,0,0,0,0,0,0,0,0,0,h
2035992,1,west,bur,0,0,0,0,0,0,0,0,0,0,0,0,0,0,0,0,a
2035992,1,tot,mre,0,0,0,0,0,0,0,0,0,0,0,0,0,0,0,0,h
2035992,1,eve,liv,0,0,0,0,0,0,0,0,0,0,0,0,0,0,0,0,h
2035992,1,new,kiev,0,0,0,0,0,0,0,0,0,0,0,0,0,0,0,0,a
2035992,1,lond,bou,0,0,0,0,0,0,0,0,0,0,0,0,0,0,0,0,h
2035992,1,wat,sou,0,0,0,0,0,0,0,0,0,0,0,0,0,0,0,0,h
2035992,1,cry,wol,0,0,0,0,0,0,0,0,0,0,0,0,0,0,0,0,a
2035992,2,liv,wat,14,8,0,0,1,0,2,-2,0,1,0,0,2,1,1,3,a
2035992,2,bou,new,11,13,0,0,1,1,2,-1,0,0,0,1,0,1,-1,0,h
2035992,2,mre,west,12,9,0,0,1,0,1,-1,0,0,0,1,0,1,-1,0,h
2035992,2,mbl,cry,16,15,1,0,0,4,1,3,3,0,0,1,0,3,-3,0,d
2035992,2,sou,lond,10,4,0,0,1,1,2,-1,0,1,0,0,2,1,1,3,a
2035992,2,kiev,che,5,1,1,0,0,1,0,1,3,1,0,0,4,1,3,3,d
2035992,2,wol,tot,2,6,1,0,0,4,1,3,3,1,0,0,1,0,1,3,d
2035992,2,bur,eve,7,3,1,0,0,1,0,1,3,1,0,0,2,0,2,3,d
2035992,3,west,wol,16,4,0,0,2,0,6,-6,0,1,1,0,3,0,3,4,h
2035992,3,sou,bou,13,10,0,0,2,1,3,-2,0,1,0,1,3,2,1,3,d
2035992,3,lond,liv,1,15,2,0,0,3,1,2,6,0,0,2,0,3,-3,0,h
2035992,3,che,new,3,14,1,1,0,4,1,3,4,0,0,2,0,3,-3,0,a
2035992,3,wat,bur,2,8,2,0,0,3,1,2,6,1,1,0,1,0,1,4,a
2035992,3,cry,kiev,11,6,0,1,1,3,6,-3,1,1,1,0,1,0,1,4,a
2035992,3,eve,mre,5,9,1,1,0,2,0,2,4,1,0,1,5,1,4,3,a
2035992,3,tot,mbl,7,12,0,1,1,4,7,-3,1,1,1,0,1,0,1,4,h
2035992,4,mbl,west,15,12,0,1,2,5,11,-6,1,1,0,2,2,7,-5,3,a
2035992,4,new,cry,11,14,1,0,2,4,3,1,3,0,1,2,3,7,-4,1,d
2035992,4,kiev,tot,3,2,2,1,0,2,0,2,7,2,1,0,5,1,4,7,d
2035992,4,liv,sou,16,13,0,0,3,1,6,-5,0,0,1,2,2,4,-2,1,h
2035992,4,wol,eve,7,9,1,1,1,4,2,2,4,1,1,1,3,3,0,4,a
2035992,4,bou,che,8,10,1,1,1,4,3,1,4,1,1,1,4,5,-1,4,a
2035992,4,bur,lond,4,1,2,1,0,3,1,2,7,3,0,0,6,2,4,9,a
2035992,4,mre,wat,5,6,2,0,1,8,2,6,6,2,0,1,4,3,1,6,a
2035992,5,sou,bur,16,7,0,1,3,2,6,-4,1,2,1,1,3,2,1,7,h
2035992,5,lond,mre,1,8,4,0,0,7,2,5,12,2,0,2,9,4,5,6,a
2035992,5,liv,bou,13,10,1,0,3,3,6,-3,3,1,1,2,4,5,-1,4,h
2035992,5,wat,wol,2,11,3,0,1,6,4,2,9,1,1,2,4,3,1,4,a
2035992,5,tot,new,3,12,2,2,0,7,3,4,8,1,1,2,4,3,1,4,h
2035992,5,eve,mbl,6,15,2,1,1,4,3,1,7,0,1,3,8,15,-7,1,d
2035992,5,cry,che,14,5,0,2,2,3,7,-4,2,2,1,1,6,5,1,7,d
2035992,5,west,kiev,9,4,2,0,2,6,10,-4,6,2,2,0,4,2,2,8,a
2035992,6,che,tot,6,2,2,2,1,6,5,1,8,3,2,0,9,4,5,11,h
2035992,6,mre,sou,4,13,3,0,2,11,5,6,9,1,1,3,5,7,-2,4,h
2035992,6,bou,cry,14,15,1,1,3,5,7,-2,4,0,3,2,3,7,-4,3,h
2035992,6,new,west,12,11,1,1,3,5,5,0,4,2,0,3,7,12,-5,6,d
2035992,6,mbl,wat,16,5,0,2,3,9,16,-7,2,3,0,2,6,5,1,9,d
2035992,6,bur,liv,9,10,2,1,2,4,5,-1,7,2,0,3,5,7,-2,6,a
2035992,6,kiev,eve,3,7,3,2,0,6,3,3,11,2,2,1,5,4,1,8,a
2035992,6,wol,lond,8,1,2,1,2,5,3,2,7,4,0,1,8,4,4,12,d
2035992,7,bur,bou,11,10,2,1,3,4,6,-2,7,2,1,3,7,7,0,7,d
2035992,7,sou,wol,14,9,1,1,4,5,10,-5,4,2,2,2,7,5,2,8,a
2035992,7,west,che,12,5,2,1,3,7,12,-5,7,3,2,1,7,5,2,11,a
2035992,7,tot,cry,3,15,3,2,1,9,5,4,11,0,3,3,3,9,-6,3,a
2035992,7,lond,mbl,1,16,4,1,1,10,6,4,13,0,3,3,10,17,-7,3,h
2035992,7,liv,mre,8,2,3,0,3,6,7,-1,9,4,0,2,14,5,9,12,d
2035992,7,wat,kiev,7,6,3,1,2,7,6,1,10,3,2,1,6,5,1,11,d
2035992,7,eve,new,4,13,3,2,1,7,4,3,11,1,2,3,5,5,0,5,h
2035992,8,bou,tot,10,8,2,2,3,8,8,0,8,3,2,2,10,10,0,11,h
2035992,8,new,wat,14,7,1,2,4,6,10,-4,5,3,2,2,8,7,1,11,h
2035992,8,che,eve,3,2,4,2,1,10,6,4,14,4,2,1,12,5,7,14,h
2035992,8,mre,bur,4,11,4,1,2,15,9,6,13,2,2,3,5,7,-2,8,h
2035992,8,wol,liv,6,9,3,2,2,9,5,4,11,3,1,3,7,8,-1,10,a
2035992,8,kiev,lond,5,1,3,3,1,7,6,1,12,5,1,1,12,6,6,16,d
2035992,8,cry,west,13,12,1,3,3,8,10,-2,6,2,1,4,8,15,-7,7,h
2035992,8,mbl,sou,16,15,0,3,4,10,19,-9,3,1,1,5,5,12,-7,4,h
2035992,9,liv,mbl,6,15,4,1,3,9,8,1,13,1,3,4,12,20,-8,6,d
2035992,9,lond,new,2,13,5,2,1,13,7,6,17,2,2,4,7,10,-3,8,d
2035992,9,bur,wol,12,7,2,2,4,5,8,-3,8,3,2,3,9,7,2,11,a
2035992,9,mre,bou,3,8,5,1,2,16,6,10,16,3,2,3,9,8,1,11,h
2035992,9,west,tot,14,10,2,1,5,8,18,-10,7,3,2,3,10,11,-1,11,h
2035992,9,sou,kiev,16,5,1,1,6,6,14,-8,4,3,4,1,8,7,1,13,a
2035992,9,eve,cry,4,11,4,2,2,12,8,4,14,2,3,3,11,10,1,9,h
2035992,9,wat,che,9,1,3,2,3,8,8,0,11,5,2,1,13,6,7,17,a
2035992,10,tot,eve,9,4,3,2,4,11,14,-3,11,5,2,2,14,9,5,17,h
2035992,10,cry,wat,12,10,2,3,4,12,12,0,9,3,2,4,8,11,-3,11,a
2035992,10,wol,mre,6,2,4,2,3,11,7,4,14,6,1,2,18,6,12,19,h
2035992,10,kiev,liv,5,7,4,4,1,9,7,2,16,4,2,3,11,10,1,14,a
2035992,10,new,sou,13,16,2,3,4,9,12,-3,9,1,1,7,6,15,-9,4,h
2035992,10,bou,west,8,11,3,2,4,9,10,-1,11,3,1,5,11,19,-8,10,d
2035992,10,mbl,bur,15,14,1,4,4,14,22,-8,7,2,2,5,5,10,-5,8,h
2035992,10,che,lond,1,3,6,2,1,16,6,10,20,5,3,1,15,9,6,18,h
2035992,11,lond,cry,3,14,5,3,2,15,11,4,18,2,3,5,14,16,-2,9,d
2035992,11,sou,che,16,1,1,1,8,6,16,-10,4,7,2,1,18,6,12,23,d
2035992,11,wat,tot,9,8,4,2,4,12,13,-1,14,4,2,4,15,16,-1,14,h
2035992,11,wol,bou,4,10,5,2,3,12,7,5,17,3,3,4,9,10,-1,12,h
2035992,11,bur,kiev,15,7,2,2,6,6,15,-9,8,4,4,2,10,10,0,16,d
2035992,11,mre,mbl,2,13,6,1,3,18,7,11,19,2,4,4,19,23,-4,10,d
2035992,11,eve,west,5,12,5,2,3,16,13,3,17,3,2,5,11,19,-8,11,a
2035992,11,liv,new,6,11,5,2,3,14,11,3,17,3,3,4,10,12,-2,12,h
2035992,12,west,wat,10,8,4,2,5,12,19,-7,14,5,2,4,14,14,0,17,d
2035992,12,mbl,wol,13,4,2,5,4,20,24,-4,11,6,2,3,13,7,6,20,h
2035992,12,kiev,mre,7,2,4,5,2,10,10,0,17,6,2,3,19,8,11,20,h
2035992,12,cry,sou,14,16,2,4,5,16,18,-2,10,1,2,8,7,17,-10,5,d
2035992,12,tot,lond,9,5,4,2,5,16,18,-2,14,5,4,2,17,13,4,19,h
2035992,12,che,liv,1,3,7,3,1,19,7,12,24,6,2,3,19,11,8,20,h
2035992,12,bou,eve,11,6,3,3,5,9,11,-2,12,5,2,4,16,14,2,17,h
2035992,12,new,bur,12,15,3,3,5,10,17,-7,12,2,3,6,6,15,-9,9,h
2035992,13,lond,west,6,12,5,4,3,18,15,3,19,4,3,5,14,21,-7,15,h
2035992,13,mre,new,2,11,6,2,4,20,10,10,20,4,3,5,12,17,-5,15,h
2035992,13,liv,cry,3,14,6,2,4,19,14,5,20,2,5,5,16,18,-2,11,h
2035992,13,mbl,bou,13,10,3,5,4,24,25,-1,14,4,3,5,11,11,0,15,d
2035992,13,wat,eve,7,8,5,3,4,16,16,0,18,5,2,5,16,16,0,17,d
2035992,13,bur,che,15,1,2,3,7,6,17,-11,9,8,3,1,22,7,15,27,a
2035992,13,wol,kiev,4,5,6,2,4,14,11,3,20,5,5,2,12,11,1,20,a
2035992,13,sou,tot,16,9,1,3,8,7,17,-10,6,5,2,5,18,19,-1,17,h
2035992,14,cry,bur,14,16,2,5,6,16,21,-5,11,2,3,8,7,20,-13,9,a
2035992,14,new,wol,12,6,4,3,6,13,20,-7,15,6,2,5,15,13,2,20,a
2035992,14,west,sou,13,15,4,3,6,14,27,-13,15,2,3,8,9,18,-9,9,h
2035992,14,bou,wat,10,7,4,4,5,12,12,0,16,5,4,4,18,18,0,19,h
2035992,14,kiev,mbl,4,11,6,5,2,14,12,2,23,3,6,4,25,26,-1,15,a
2035992,14,che,mre,1,2,9,3,1,25,8,17,30,7,2,4,23,11,12,23,a
2035992,14,eve,lond,8,5,5,3,5,18,18,0,18,6,4,3,24,15,9,22,a
2035992,14,tot,liv,9,3,5,2,6,19,21,-2,17,7,2,4,22,14,8,23,d
2035992,15,mbl,new,9,13,4,6,4,27,26,1,18,4,3,7,13,21,-8,15,h
2035992,15,sou,eve,16,11,2,3,9,9,21,-12,9,5,3,6,19,21,-2,18,h
2035992,15,wol,che,5,1,7,2,5,16,13,3,23,9,3,2,26,10,16,30,a
2035992,15,bur,tot,14,10,3,3,8,10,20,-10,12,5,3,6,20,22,-2,18,a
2035992,15,liv,west,4,12,7,3,4,23,15,8,24,5,3,6,17,27,-10,18,a
2035992,15,lond,wat,3,8,7,4,3,27,16,11,25,5,4,5,18,21,-3,19,a
2035992,15,kiev,bou,6,7,6,5,3,14,14,0,23,5,4,5,15,12,3,19,h
2035992,15,mre,cry,2,15,8,2,4,25,12,13,26,2,5,7,16,24,-8,11,d
2035992,16,mbl,che,8,1,5,6,4,29,26,3,21,10,3,2,28,10,18,33,a
2035992,16,bur,west,16,10,3,3,9,10,23,-13,12,6,3,6,19,28,-9,21,a
2035992,16,mre,tot,2,9,8,3,4,26,13,13,27,6,3,6,23,22,1,21,d
2035992,16,liv,eve,5,12,7,3,5,24,17,7,24,5,3,7,19,22,-3,18,h
2035992,16,kiev,new,3,13,7,5,3,17,15,2,26,4,3,8,13,23,-10,15,a
2035992,16,bou,lond,11,4,5,4,6,16,15,1,19,7,4,4,27,18,9,25,d
2035992,16,sou,wat,15,7,3,3,9,10,21,-11,12,6,4,5,20,21,-1,22,a
2035992,16,wol,cry,6,14,7,2,6,16,15,1,23,2,6,7,17,25,-8,12,d
2035992,17,wat,liv,6,3,7,4,5,21,21,0,25,8,3,5,30,17,13,27,d
2035992,17,new,bou,13,11,5,3,8,15,24,-9,18,5,5,6,16,15,1,20,a
2035992,17,west,mre,8,2,7,3,6,22,30,-8,24,8,4,4,27,14,13,28,d
2035992,17,cry,mbl,14,10,2,7,7,20,28,-8,13,5,6,5,30,30,0,21,a
2035992,17,lond,sou,4,15,7,5,4,27,18,9,26,3,3,10,10,22,-12,12,h
2035992,17,che,kiev,1,5,11,3,2,32,11,21,36,7,5,4,18,17,1,26,h
2035992,17,tot,wol,9,7,6,4,6,24,23,1,22,7,3,6,19,18,1,24,d
2035992,17,eve,bur,12,16,5,3,8,19,28,-9,18,3,3,10,12,26,-14,12,a
2035992,18,wol,west,7,8,7,4,6,19,18,1,25,7,4,6,22,30,-8,25,d
2035992,18,bou,sou,10,16,6,5,6,17,15,2,23,3,3,11,10,24,-14,12,h
2035992,18,liv,lond,4,3,8,4,5,31,18,13,28,8,5,4,29,18,11,29,h
2035992,18,new,che,13,1,5,3,9,15,25,-10,18,12,3,2,34,12,22,39,a
2035992,18,bur,wat,14,6,4,3,10,14,27,-13,15,7,5,5,22,22,0,26,h
2035992,18,kiev,cry,5,15,7,5,5,19,19,0,26,2,7,8,20,30,-10,13,h
2035992,18,mre,eve,2,12,8,5,4,27,14,13,29,5,3,9,20,30,-10,18,d
2035992,18,mbl,tot,9,11,6,6,5,32,30,2,24,6,5,6,24,23,1,23,a
2035992,19,west,mbl,10,11,7,5,6,24,32,-8,26,6,6,6,33,32,1,24,h
2035992,19,cry,new,15,14,2,7,9,21,33,-12,13,5,3,10,15,26,-11,18,h
2035992,19,tot,kiev,7,5,7,5,6,26,24,2,26,8,5,5,22,20,2,29,d
2035992,19,sou,liv,16,2,3,3,12,10,27,-17,12,9,4,5,33,18,15,31,d
2035992,19,eve,wol,12,8,5,4,9,21,31,-10,19,7,5,6,21,20,1,26,h
2035992,19,che,bou,1,6,13,3,2,35,12,23,42,7,5,6,20,15,5,26,d
2035992,19,lond,bur,4,13,8,5,5,29,20,9,29,5,3,10,17,28,-11,18,h
2035992,19,wat,mre,9,3,7,5,6,23,25,-2,26,8,6,4,28,15,13,30,d
2035992,20,bur,sou,14,16,5,3,11,17,31,-14,18,3,4,12,11,28,-17,13,h
2035992,20,mre,lond,4,3,8,7,4,30,17,13,31,9,5,5,32,20,12,32,a
2035992,20,bou,liv,7,2,7,6,6,22,17,5,27,9,5,5,34,19,15,32,d
2035992,20,wol,wat,10,9,7,5,7,22,23,-1,26,7,6,6,25,27,-2,27,h
2035992,20,new,tot,13,8,5,3,11,15,27,-12,18,7,6,6,28,26,2,27,h
2035992,20,mbl,eve,11,12,6,6,7,33,33,0,24,6,4,9,24,32,-8,22,h
2035992,20,che,cry,1,15,13,4,2,37,14,23,43,3,7,9,22,33,-11,16,d
2035992,20,kiev,west,5,6,8,6,5,24,22,2,30,8,5,6,25,32,-7,29,d
2035992,21,tot,che,10,1,7,6,7,28,28,0,27,13,5,2,39,16,23,44,d
2035992,21,sou,mre,16,4,3,4,13,11,29,-18,13,8,7,5,30,19,11,31,a
2035992,21,cry,bou,15,8,3,8,9,24,35,-11,17,7,7,6,24,19,5,28,d
2035992,21,west,new,6,13,8,6,6,28,35,-7,30,6,3,11,17,27,-10,21,h
2035992,21,wat,mbl,11,9,7,6,7,25,28,-3,27,7,6,7,37,33,4,27,d
2035992,21,liv,bur,3,14,9,6,5,36,21,15,33,6,3,11,18,31,-13,21,h
2035992,21,eve,kiev,12,5,6,4,10,24,36,-12,22,8,7,5,27,25,2,31,h
2035992,21,lond,wol,2,7,10,5,5,34,20,14,35,8,5,7,23,23,0,29,h
2035992,22,bou,bur,7,14,7,8,6,25,20,5,29,6,3,12,19,35,-16,21,h
2035992,22,wol,sou,8,16,8,5,8,23,25,-2,29,3,4,14,11,31,-20,13,d
2035992,22,che,west,1,5,13,6,2,41,18,23,45,9,6,6,30,35,-5,33,h
2035992,22,cry,tot,15,10,3,9,9,25,36,-11,18,7,7,7,30,30,0,28,a
2035992,22,mbl,lond,9,2,7,7,7,38,34,4,28,11,5,5,36,20,16,38,h
2035992,22,mre,liv,4,3,9,7,5,32,19,13,34,10,6,5,40,22,18,36,h
2035992,22,kiev,wat,6,11,8,7,6,27,31,-4,31,7,7,7,26,29,-3,28,h
2035992,22,new,eve,13,12,6,3,12,17,29,-12,21,7,4,10,30,36,-6,25,d
2035992,23,tot,bur,9,14,8,7,7,32,31,1,31,6,3,13,20,39,-19,21,a
2035992,23,wat,new,11,13,7,7,8,26,30,-4,28,6,4,12,19,31,-12,22,h
2035992,23,eve,che,12,1,7,5,10,32,38,-6,26,14,6,2,42,18,24,48,h
2035992,23,bur,mre,14,3,6,3,13,20,39,-19,21,10,7,5,35,20,15,37,d
2035992,23,liv,wol,4,10,10,6,6,41,25,16,36,8,6,8,23,25,-2,30,h
2035992,23,lond,kiev,2,5,11,5,6,37,24,13,38,9,7,6,28,31,-3,34,h
2035992,23,west,cry,6,15,9,6,7,30,36,-6,33,3,9,10,26,38,-12,18,a
2035992,23,sou,mbl,16,8,3,5,14,11,31,-20,14,8,7,7,42,35,7,31,a
2035992,24,mbl,liv,6,3,9,7,7,43,35,8,34,11,6,6,43,25,18,39,h
2035992,24,new,lond,13,2,6,4,13,19,35,-16,22,12,5,6,40,24,16,41,h
2035992,24,wol,bur,11,14,8,6,9,23,27,-4,30,6,4,13,20,39,-19,22,h
2035992,24,bou,mre,5,4,9,8,6,30,21,9,35,10,8,5,35,20,15,38,d
2035992,24,tot,west,9,8,8,7,8,32,32,0,31,9,6,8,30,37,-7,33,h
2035992,24,kiev,sou,7,16,9,7,7,28,34,-6,34,3,5,15,11,32,-21,14,h
2035992,24,cry,eve,15,12,4,9,10,27,38,-11,21,8,5,10,34,39,-5,29,h
2035992,24,che,wat,1,10,14,6,3,43,20,23,48,8,7,8,30,30,0,31,h
2035992,25,eve,tot,12,8,8,5,11,34,41,-7,29,9,7,8,35,32,3,34,h
2035992,25,wat,cry,11,14,8,7,9,31,34,-3,31,5,9,10,29,38,-9,24,h
2035992,25,mre,wol,3,9,10,9,5,36,21,15,39,9,6,9,24,27,-3,33,a
2035992,25,liv,kiev,4,6,11,6,7,43,29,14,39,10,7,7,29,34,-5,37,d
2035992,25,sou,new,16,13,3,5,16,11,33,-22,14,7,4,13,21,36,-15,25,d
2035992,25,west,bou,10,7,9,6,9,30,40,-10,33,9,9,6,31,22,9,36,h
2035992,25,bur,mbl,15,5,6,4,14,20,40,-20,22,10,7,7,47,35,12,37,a
2035992,25,lond,che,2,1,12,5,7,41,26,15,41,15,6,3,47,21,26,51,d
2035992,26,cry,lond,14,2,5,9,11,31,41,-10,24,12,6,7,43,28,15,42,a
2035992,26,che,sou,1,16,15,7,3,49,23,26,52,3,6,16,11,33,-22,15,h
2035992,26,tot,wat,10,11,9,7,9,37,35,2,34,9,7,9,34,36,-2,34,h
2035992,26,bou,wol,7,8,9,9,7,32,24,8,36,10,6,9,27,28,-1,36,a
2035992,26,kiev,bur,6,15,10,8,7,30,35,-5,38,6,4,15,20,43,-23,22,h
2035992,26,mbl,mre,3,5,11,7,7,50,35,15,40,10,9,6,37,24,13,39,a
2035992,26,west,eve,9,12,10,6,9,32,41,-9,36,9,5,11,37,43,-6,32,a
2035992,26,new,liv,13,4,7,5,13,21,36,-15,26,11,7,7,44,30,14,40,d
2035992,27,wat,west,12,10,9,7,10,34,39,-5,34,10,6,10,32,44,-12,36,d
2035992,27,wol,mbl,7,6,11,6,9,29,28,1,39,11,7,8,50,36,14,40,d
2035992,27,mre,kiev,3,5,11,9,6,38,24,14,42,11,8,7,31,35,-4,41,d
2035992,27,sou,cry,16,14,3,6,17,12,35,-23,15,5,9,12,31,45,-14,24,h
2035992,27,lond,tot,2,8,13,6,7,47,28,19,45,10,7,9,40,35,5,37,h
2035992,27,liv,che,4,1,11,8,7,46,32,14,41,16,7,3,51,24,27,55,a
2035992,27,eve,bou,11,9,10,5,11,40,43,-3,35,9,9,8,32,26,6,36,h
2035992,27,bur,new,15,13,6,4,16,20,44,-24,22,7,6,13,23,38,-15,27,h
2035992,28,west,lond,10,2,10,7,10,33,45,-12,37,14,6,7,49,28,21,48,a
2035992,28,new,mre,13,3,7,6,14,23,39,-16,27,11,10,6,40,26,14,43,a
2035992,28,cry,liv,15,6,5,9,13,31,47,-16,24,11,8,8,46,33,13,41,a
2035992,28,bou,mbl,11,5,9,9,9,33,28,5,36,11,8,8,51,37,14,41,d
2035992,28,eve,wat,8,12,11,5,11,42,44,-2,38,9,8,10,35,40,-5,35,a
2035992,28,che,bur,1,14,17,7,3,52,24,28,58,7,4,16,21,44,-23,25,a
2035992,28,kiev,wol,4,7,11,9,7,33,37,-4,42,11,7,9,30,29,1,40,h
2035992,28,tot,sou,9,16,10,7,10,40,37,3,37,4,6,17,14,35,-21,18,h
2035992,29,bur,cry,13,15,8,4,16,24,44,-20,28,5,9,14,32,50,-18,24,h
2035992,29,wol,new,8,14,11,7,10,30,30,0,40,7,6,15,23,40,-17,27,h
2035992,29,sou,west,16,11,4,6,18,14,36,-22,18,10,7,10,33,45,-12,37,h
2035992,29,wat,bou,9,12,10,8,10,37,40,-3,38,9,9,9,33,28,5,36,d
2035992,29,mbl,kiev,6,4,11,9,8,52,38,14,42,12,9,7,34,37,-3,45,h
2035992,29,mre,che,3,1,12,10,6,41,26,15,46,17,7,4,52,27,25,58,h
2035992,29,lond,eve,2,10,15,6,7,51,29,22,51,11,5,12,42,46,-4,38,h
2035992,29,liv,tot,5,7,12,8,8,49,34,15,44,11,7,10,41,37,4,40,a
2035992,30,new,mbl,14,4,7,6,16,23,43,-20,27,12,9,8,57,40,17,45,h
2035992,30,eve,sou,10,16,11,5,13,42,47,-5,38,5,6,18,16,36,-20,21,a
2035992,30,che,wol,1,8,17,7,5,54,30,24,58,12,7,10,33,30,3,43,h
2035992,30,tot,bur,7,13,12,7,10,43,37,6,43,9,4,16,24,44,-20,31,h
2035992,30,west,liv,12,6,10,7,11,33,47,-14,37,12,8,9,49,36,13,44,a
2035992,30,wat,lond,9,2,10,9,10,38,41,-3,39,16,6,7,52,29,23,54,d
2035992,30,bou,kiev,11,5,9,10,9,34,29,5,37,12,9,8,36,42,-6,45,h
2035992,30,cry,mre,15,3,5,9,15,32,51,-19,24,13,10,6,44,28,16,49,a
2038248,1,mre,bur,0,0,0,0,0,0,0,0,0,0,0,0,0,0,0,0,h
2038248,1,che,kiev,0,0,0,0,0,0,0,0,0,0,0,0,0,0,0,0,h
2038248,1,new,eve,0,0,0,0,0,0,0,0,0,0,0,0,0,0,0,0,a
2038248,1,liv,lond,0,0,0,0,0,0,0,0,0,0,0,0,0,0,0,0,h
2038248,1,wat,mbl,0,0,0,0,0,0,0,0,0,0,0,0,0,0,0,0,d
2038248,1,bou,sou,0,0,0,0,0,0,0,0,0,0,0,0,0,0,0,0,a
2038248,1,tot,west,0,0,0,0,0,0,0,0,0,0,0,0,0,0,0,0,h
2038248,1,wol,cry,0,0,0,0,0,0,0,0,0,0,0,0,0,0,0,0,h
2038248,2,lond,tot,16,7,0,0,1,1,4,-3,0,1,0,0,1,0,1,3,h
2038248,2,sou,wat,6,8,1,0,0,2,1,1,3,0,1,0,2,2,0,1,d
2038248,2,eve,che,4,3,1,0,0,2,0,2,3,1,0,0,4,1,3,3,h
2038248,2,bur,wol,15,5,0,0,1,0,3,-3,0,1,0,0,2,0,2,3,h
2038248,2,west,bou,11,10,0,0,1,0,1,-1,0,0,0,1,1,2,-1,0,d
2038248,2,mbl,mre,9,1,0,1,0,2,2,0,1,1,0,0,3,0,3,3,h
2038248,2,cry,new,14,13,0,0,1,0,2,-2,0,0,0,1,0,2,-2,0,h
2038248,2,kiev,liv,12,2,0,0,1,1,3,-2,0,1,0,0,4,1,3,3,a
2038248,3,che,cry,6,7,1,0,1,5,4,1,3,1,0,1,2,2,0,3,h
2038248,3,west,sou,14,3,0,1,1,1,2,-1,1,1,1,0,2,1,1,4,h
2038248,3,bou,lond,13,11,0,1,1,2,3,-1,1,1,0,1,5,6,-1,3,a
2038248,3,mre,wat,5,12,1,0,1,4,2,2,3,0,2,0,2,2,0,2,h
2038248,3,tot,kiev,9,15,1,0,1,3,4,-1,3,0,0,2,1,5,-4,0,d
2038248,3,wol,mbl,8,4,1,0,1,2,2,0,3,1,1,0,4,3,1,4,d
2038248,3,liv,eve,1,2,2,0,0,6,1,5,6,2,0,0,5,2,3,6,a
2038248,3,new,bur,16,10,0,0,2,0,4,-4,0,1,0,1,2,3,-1,3,d
2038248,4,bur,che,11,4,1,1,1,2,3,-1,4,2,0,1,7,5,2,6,h
2038248,4,wat,wol,13,8,0,2,1,3,4,-1,2,1,1,1,3,3,0,4,h
2038248,4,mbl,new,6,16,1,2,0,5,4,1,5,0,1,2,0,4,-4,1,h
2038248,4,lond,west,5,7,2,0,1,7,6,1,6,1,1,1,3,2,1,4,a
2038248,4,cry,liv,12,2,1,0,2,3,4,-1,3,2,0,1,8,4,4,6,a
2038248,4,sou,mre,9,3,1,1,1,2,3,-1,4,2,0,1,6,3,3,6,a
2038248,4,kiev,bou,15,14,0,1,2,3,7,-4,1,0,1,2,2,5,-3,1,h
2038248,4,eve,tot,1,10,3,0,0,8,4,4,9,1,1,1,5,6,-1,4,d
2038248,5,west,kiev,5,12,2,1,1,7,4,3,7,1,1,2,5,7,-2,4,h
2038248,5,bou,eve,15,1,0,1,3,2,7,-5,1,3,1,0,9,5,4,10,d
2038248,5,lond,sou,8,13,2,0,2,9,10,-1,6,1,1,2,2,6,-4,4,a
2038248,5,tot,cry,10,14,1,2,1,6,7,-1,5,1,0,3,3,5,-2,3,h
2038248,5,new,wat,16,9,0,1,3,1,7,-6,1,1,2,1,5,5,0,5,d
2038248,5,liv,bur,3,6,3,0,1,9,4,5,9,2,1,1,3,3,0,7,h
2038248,5,wol,mre,11,2,1,1,2,4,5,-1,4,3,0,1,9,3,6,9,h
2038248,5,che,mbl,7,4,2,0,2,7,6,1,6,2,2,0,8,5,3,8,a
2038248,6,mre,new,5,16,3,0,2,9,4,5,9,0,2,3,1,7,-6,2,h
2038248,6,eve,west,2,4,3,2,0,10,6,4,11,3,1,1,10,6,4,10,h
2038248,6,sou,wol,8,7,2,1,2,3,6,-3,7,2,1,2,5,5,0,7,d
2038248,6,wat,che,10,11,1,3,1,5,5,0,6,2,0,3,8,8,0,6,h
2038248,6,bur,tot,9,6,2,1,2,4,8,-4,7,2,2,1,9,7,2,8,h
2038248,6,kiev,lond,13,12,1,1,3,7,10,-3,4,2,0,3,9,11,-2,6,d
2038248,6,mbl,liv,3,1,3,2,0,10,6,4,11,4,0,1,14,5,9,12,d
2038248,6,cry,bou,14,15,1,0,4,3,8,-5,3,0,2,3,3,8,-5,2,d
2038248,7,kiev,sou,13,10,1,2,3,8,11,-3,5,2,2,2,4,7,-3,8,h
2038248,7,west,cry,5,14,3,1,2,11,8,3,10,1,1,4,4,9,-5,4,h
2038248,7,che,mre,12,3,2,0,4,8,10,-2,6,4,0,2,12,6,6,12,d
2038248,7,new,wol,16,9,0,2,4,3,10,-7,2,2,2,2,6,6,0,8,h
2038248,7,bou,bur,15,6,0,3,3,4,9,-5,3,3,1,2,6,8,-2,10,h
2038248,7,lond,eve,11,1,2,1,3,10,12,-2,7,4,2,0,12,7,5,14,a
2038248,7,tot,mbl,8,4,2,2,2,9,9,0,8,3,3,0,13,9,4,12,h
2038248,7,liv,wat,2,7,4,1,1,17,8,9,13,2,3,1,7,5,2,9,h
2038248,8,sou,new,11,15,2,2,3,6,10,-4,8,1,2,4,4,10,-6,5,h
2038248,8,wat,tot,8,6,2,3,2,7,7,0,9,3,2,2,11,9,2,11,h
2038248,8,mre,liv,3,2,4,1,2,13,7,6,13,5,1,1,19,8,11,16,d
2038248,8,eve,kiev,1,10,5,2,0,14,8,6,17,2,2,3,11,13,-2,8,d
2038248,8,cry,lond,16,13,1,1,5,5,11,-6,4,2,1,4,11,14,-3,7,h
2038248,8,mbl,bou,5,14,3,3,1,13,11,2,12,1,3,3,6,9,-3,6,h
2038248,8,wol,che,9,12,2,2,3,6,7,-1,8,2,1,4,9,11,-2,7,a
2038248,8,bur,west,7,4,3,1,3,6,10,-4,10,4,1,2,13,9,4,13,h
2038248,9,lond,bur,13,6,2,1,5,12,16,-4,7,4,1,3,9,10,-1,13,h
2038248,9,bou,wat,15,7,1,3,4,6,10,-4,6,3,3,2,9,7,2,12,h
2038248,9,kiev,cry,11,14,2,3,3,13,15,-2,9,2,1,5,7,12,-5,7,a
2038248,9,eve,sou,1,9,5,3,0,16,10,6,18,3,2,3,7,10,-3,11,h
2038248,9,che,new,10,16,3,1,4,12,12,0,10,1,2,5,4,11,-7,5,h
2038248,9,west,mbl,5,3,4,1,3,13,12,1,13,4,3,1,14,11,3,15,h
2038248,9,liv,wol,2,12,5,2,1,20,9,11,17,2,2,4,7,10,-3,8,h
2038248,9,tot,mre,8,4,3,2,3,11,11,0,11,4,2,2,14,8,6,14,h
2038248,10,new,liv,16,2,1,2,6,4,15,-11,5,6,2,1,24,10,14,20,a
2038248,10,wol,tot,15,5,2,2,5,8,14,-6,8,4,2,3,15,11,4,14,a
2038248,10,cry,eve,11,1,3,1,5,11,12,-1,10,6,3,0,18,11,7,21,h
2038248,10,mbl,lond,4,12,4,3,2,14,12,2,15,3,1,5,15,17,-2,10,d
2038248,10,wat,west,9,3,3,3,3,10,9,1,12,5,1,3,14,12,2,16,h
2038248,10,sou,che,10,7,3,2,4,8,12,-4,11,4,1,4,16,12,4,13,a
2038248,10,bur,kiev,8,14,4,1,4,10,13,-3,13,2,3,4,13,19,-6,9,h
2038248,10,mre,bou,6,13,4,2,3,14,12,2,14,2,3,4,8,11,-3,9,d
2038248,11,bou,wol,13,15,2,4,4,9,12,-3,10,2,2,6,9,16,-7,8,h
2038248,11,west,mre,6,8,5,1,4,15,14,1,16,4,3,3,15,13,2,15,a
2038248,11,tot,new,3,16,5,2,3,17,12,5,17,1,2,7,5,18,-13,5,h
2038248,11,cry,sou,10,12,4,1,5,14,12,2,13,3,2,5,8,13,-5,11,h
2038248,11,kiev,mbl,14,5,2,3,5,13,20,-7,9,4,4,2,15,13,2,16,a
2038248,11,eve,bur,2,7,6,3,1,18,14,4,21,5,1,4,11,13,-2,16,a
2038248,11,liv,che,1,4,7,2,1,27,11,16,23,5,1,4,17,12,5,16,d
2038248,11,lond,wat,11,9,3,2,5,16,18,-2,11,4,3,3,12,10,2,15,a
2038248,12,che,tot,8,3,5,2,4,18,13,5,17,6,2,3,19,12,7,20,a
2038248,12,bur,cry,5,9,6,1,4,12,13,-1,19,5,1,5,17,12,5,16,a
2038248,12,mbl,eve,4,2,5,4,2,17,13,4,19,6,3,2,18,15,3,21,a
2038248,12,wol,west,15,10,2,2,7,10,19,-9,8,5,1,5,16,19,-3,16,d
2038248,12,new,bou,16,11,1,2,8,5,20,-15,5,3,4,4,12,13,-1,13,a
2038248,12,mre,lond,6,12,5,3,3,20,14,6,18,3,2,6,17,20,-3,11,h
2038248,12,sou,liv,13,1,3,2,6,8,16,-8,11,7,3,1,28,12,16,24,d
2038248,12,wat,kiev,7,14,5,3,3,14,11,3,18,2,3,6,13,22,-9,9,h
2038248,13,bou,che,11,9,4,4,4,14,14,0,16,5,2,5,19,15,4,17,a
2038248,13,eve,wat,2,5,7,3,2,20,16,4,24,6,3,3,16,11,5,21,a
2038248,13,lond,wol,13,14,3,2,7,19,23,-4,11,2,3,7,10,19,-9,9,d
2038248,13,bur,sou,8,12,6,1,5,12,15,-3,19,3,3,6,10,18,-8,12,a
2038248,13,tot,liv,3,1,7,2,3,21,13,8,23,7,4,1,30,14,16,25,a
2038248,13,kiev,mre,15,4,2,3,7,13,24,-11,9,6,3,3,23,16,7,21,d
2038248,13,cry,mbl,6,7,6,1,5,19,12,7,19,5,4,3,18,15,3,19,d
2038248,13,west,new,10,16,5,2,5,16,19,-3,17,1,2,9,6,22,-16,5,a
2038248,14,wol,kiev,14,15,2,4,7,11,20,-9,10,2,4,7,15,26,-11,10,d
2038248,14,wat,cry,2,6,7,3,3,18,12,6,24,6,2,5,21,14,7,20,a
2038248,14,che,west,7,10,6,2,5,20,15,5,20,5,2,6,17,21,-4,17,h
2038248,14,sou,tot,12,4,4,3,6,11,18,-7,15,7,2,4,21,15,6,23,a
2038248,14,mbl,bur,8,9,5,5,3,20,17,3,20,6,1,6,12,16,-4,19,d
2038248,14,mre,eve,5,3,6,4,3,25,18,7,22,7,3,3,21,18,3,24,h
2038248,14,liv,bou,1,11,8,4,1,32,14,18,28,4,4,5,14,15,-1,16,h
2038248,14,new,lond,16,13,2,2,9,8,23,-15,8,3,3,7,20,24,-4,12,a
2038248,15,bur,wat,9,4,6,2,6,13,17,-4,20,7,3,4,18,13,5,24,a
2038248,15,west,liv,10,1,5,2,7,17,24,-7,17,9,4,1,34,14,20,31,d
2038248,15,cry,mre,7,3,7,2,5,22,14,8,23,7,4,3,27,18,9,25,a
2038248,15,kiev,new,15,16,2,5,7,16,27,-11,11,2,2,10,9,26,-17,8,h
2038248,15,lond,che,12,6,4,3,7,23,25,-2,15,7,2,5,23,15,8,23,a
2038248,15,bou,tot,11,2,4,4,6,14,17,-3,16,8,2,4,23,15,8,26,h
2038248,15,mbl,sou,8,13,5,6,3,21,18,3,21,4,3,7,11,20,-9,15,h
2038248,15,eve,wol,5,14,7,3,4,21,20,1,24,2,5,7,12,21,-9,11,h
2038248,16,bur,mre,9,2,6,2,7,13,18,-5,20,8,4,3,29,19,10,28,a
2038248,16,kiev,che,14,5,3,5,7,17,27,-10,14,8,2,5,25,15,10,26,h
2038248,16,eve,new,4,16,8,3,4,22,20,2,27,2,2,11,9,27,-18,8,h
2038248,16,lond,liv,12,1,4,3,8,23,27,-4,15,9,5,1,34,14,20,32,d
2038248,16,mbl,wat,7,3,6,6,3,24,19,5,24,8,3,4,19,13,6,27,h
2038248,16,sou,bou,13,10,4,3,8,12,23,-11,15,5,4,6,17,17,0,19,a
2038248,16,west,tot,11,6,5,3,7,17,24,-7,18,8,2,5,23,18,5,26,d
2038248,16,cry,wol,8,15,7,2,6,23,16,7,23,2,5,8,12,22,-10,11,a
2038248,17,tot,lond,6,13,8,3,5,24,19,5,27,4,4,8,24,28,-4,16,h
2038248,17,wat,sou,5,14,8,3,5,21,16,5,27,4,3,9,13,25,-12,15,h
2038248,17,che,eve,7,3,8,2,6,26,17,9,26,9,3,14,23,20,3,30,h
2038248,17,wol,bur,15,10,3,5,8,13,22,-9,14,6,2,8,13,19,-6,20,d
2038248,17,bou,west,9,11,6,4,6,19,18,1,22,5,4,7,18,25,-7,19,h
2038248,17,mre,mbl,2,4,9,4,3,30,19,11,31,7,6,3,27,21,6,27,a
2038248,17,new,cry,16,8,2,2,12,9,28,-19,8,7,2,7,23,17,6,23,d
2038248,17,liv,kiev,1,12,9,6,1,35,15,20,33,4,5,7,19,28,-9,17,h
2038248,18,cry,che,9,7,7,3,7,24,18,6,24,9,2,6,28,17,11,29,a
2038248,18,sou,west,15,11,4,3,10,14,28,-14,15,5,4,8,19,28,-9,19,a
2038248,18,lond,bou,13,8,4,4,9,24,32,-8,16,7,4,6,22,19,3,25,a
2038248,18,wat,mre,4,2,9,3,5,24,17,7,30,9,4,4,30,20,10,31,a
2038248,18,kiev,tot,12,3,4,5,8,20,31,-11,17,9,3,5,28,19,9,30,h
2038248,18,mbl,wol,5,14,8,6,3,28,21,7,30,3,6,8,13,22,-9,15,h
2038248,18,eve,liv,6,1,9,3,5,23,22,1,30,10,6,1,38,16,22,36,a
2038248,18,bur,new,10,16,6,3,8,13,19,-6,21,2,3,12,10,29,-19,9,a
2038248,19,che,bur,4,11,10,2,6,31,18,13,32,6,3,9,13,21,-8,21,a
2038248,19,wol,wat,14,6,3,6,9,14,24,-10,15,9,3,6,24,20,4,30,h
2038248,19,new,mbl,16,3,3,3,12,12,29,-17,12,9,6,3,30,22,8,33,a
2038248,19,west,lond,10,13,6,4,8,21,29,-8,22,4,4,10,25,34,-9,16,a
2038248,19,liv,cry,1,9,11,6,1,40,17,23,39,7,3,8,25,21,4,24,h
2038248,19,mre,sou,2,15,10,4,4,33,20,13,34,4,3,11,15,30,-15,15,h
2038248,19,bou,kiev,8,12,8,4,6,24,20,4,28,5,5,8,22,31,-9,20,a
2038248,19,tot,eve,5,7,9,3,6,28,21,7,30,9,3,6,24,24,0,30,a
2038248,20,kiev,west,11,12,6,5,8,24,32,-8,23,6,4,9,23,32,-9,22,d
2038248,20,eve,bou,4,8,10,3,6,27,25,2,33,8,4,7,25,22,3,28,d
2038248,20,sou,lond,15,13,4,3,12,15,33,-18,15,5,4,10,28,36,-8,19,d
2038248,20,cry,tot,9,6,7,3,9,25,23,2,24,9,3,7,29,24,5,30,d
2038248,20,wat,new,7,16,9,3,7,24,21,3,30,3,3,13,13,31,-18,12,h
2038248,20,bur,liv,10,1,7,3,9,14,21,-7,24,12,6,1,42,17,25,42,d
2038248,20,mre,wol,2,14,11,4,4,36,20,16,37,4,6,9,15,24,-9,18,h
2038248,20,mbl,che,3,5,10,6,3,32,23,9,36,10,2,7,31,19,12,32,a
2038248,21,new,mre,16,2,3,3,14,14,33,-19,12,12,4,4,37,20,17,40,a
2038248,21,west,eve,12,5,6,5,9,24,33,-9,23,10,4,6,27,25,2,34,h
2038248,21,wol,sou,14,15,4,6,10,15,25,-10,18,4,4,12,16,34,-18,16,a
2038248,21,che,wat,4,6,11,2,7,34,19,15,35,10,3,7,26,22,4,33,h
2038248,21,tot,bur,7,10,9,4,7,29,24,5,31,7,4,9,16,23,-7,25,h
2038248,21,lond,kiev,13,11,5,5,10,29,37,-8,20,6,6,8,25,33,-8,24,h
2038248,21,liv,mbl,1,3,12,7,1,44,19,25,43,10,6,4,32,26,6,36,h
2038248,21,bou,cry,8,9,8,5,7,25,22,3,29,7,4,9,25,23,2,25,a
2038248,22,sou,kiev,14,12,5,4,12,17,34,-17,19,6,6,9,25,35,-10,24,a
2038248,22,cry,west,9,10,8,4,9,27,24,3,28,7,5,9,26,33,-7,26,d
2038248,22,mre,che,2,3,13,4,4,39,20,19,43,12,2,7,37,19,18,38,h
2038248,22,wol,new,15,16,4,6,11,15,26,-11,18,3,3,15,14,35,-21,12,d
2038248,22,bur,bou,11,8,7,4,10,16,25,-9,25,8,5,8,26,24,2,29,a
2038248,22,eve,lond,6,13,10,4,7,27,27,0,34,6,5,10,31,37,-6,23,a
2038248,22,mbl,tot,4,5,10,6,5,32,28,4,36,10,4,7,31,24,7,34,h
2038248,22,wat,liv,7,1,10,3,8,26,25,1,33,13,7,1,46,19,27,46,h
2038248,23,new,sou,16,15,3,4,15,15,36,-21,13,5,4,13,17,36,-19,19,a
2038248,23,tot,wat,6,5,10,4,8,31,26,5,34,11,3,8,29,26,3,36,d
2038248,23,liv,mre,1,2,13,7,2,47,22,25,46,14,4,4,41,21,20,46,a
2038248,23,kiev,eve,11,7,7,6,9,27,35,-8,27,10,4,8,28,29,-1,34,a
2038248,23,lond,cry,12,9,7,5,10,33,38,-5,26,8,5,9,28,25,3,29,h
2038248,23,bou,mbl,8,3,9,5,8,30,24,6,32,11,6,5,34,28,6,39,h
2038248,23,che,wol,4,14,12,2,8,38,21,17,38,4,7,11,16,27,-11,19,h
2038248,23,west,bur,10,13,7,6,9,27,34,-7,27,7,4,11,16,29,-13,25,a
2038248,24,bur,lond,11,10,8,4,11,17,29,-12,28,8,5,10,36,38,-2,29,a
2038248,24,wat,bou,5,7,11,4,8,30,27,3,37,10,5,8,32,25,7,35,d
2038248,24,cry,kiev,9,13,8,5,10,28,28,0,29,7,6,10,28,37,-9,27,h
2038248,24,sou,eve,14,6,6,4,13,19,36,-17,22,11,4,8,30,30,0,37,d
2038248,24,new,che,16,3,3,4,16,15,38,-23,13,13,2,8,41,23,18,41,a
2038248,24,mbl,west,4,12,11,6,6,35,30,5,39,7,6,10,27,35,-8,27,d
2038248,24,wol,liv,15,2,4,7,12,18,30,-12,19,13,7,3,49,26,23,46,h
2038248,24,mre,tot,1,8,15,4,4,45,23,22,49,10,5,8,32,27,5,35,d
2038248,25,liv,new,2,16,13,7,4,49,27,22,46,3,4,17,15,39,-24,13,h
2038248,25,tot,wol,8,15,10,6,8,34,29,5,36,5,7,12,19,30,-11,22,h
2038248,25,eve,cry,6,9,11,5,8,31,31,0,38,9,5,10,31,29,2,32,a
2038248,25,lond,mbl,10,4,9,5,10,38,39,-1,32,11,7,6,36,31,5,40,h
2038248,25,west,wat,11,5,7,7,10,28,36,-8,28,11,5,8,32,26,6,38,a
2038248,25,che,sou,3,14,14,2,8,42,23,19,44,6,5,13,20,37,-17,23,d
2038248,25,kiev,bur,13,12,7,6,11,29,40,-11,27,8,4,12,18,31,-13,28,a
2038248,25,bou,mre,7,1,10,6,8,34,27,7,36,15,5,4,47,25,22,50,a
2038248,26,wol,bou,15,8,5,7,13,19,32,-13,22,10,6,9,34,28,6,36,h
2038248,26,mre,west,1,12,16,5,4,48,25,23,53,7,7,11,28,37,-9,28,h
2038248,26,new,tot,16,6,3,4,18,17,42,-25,13,11,6,8,36,29,7,39,d
2038248,26,sou,cry,14,9,6,6,13,22,39,-17,24,10,5,10,32,29,3,35,a
2038248,26,mbl,kiev,5,13,11,7,7,36,32,4,40,7,6,12,29,42,-13,27,d
2038248,26,bur,eve,11,7,9,4,12,20,31,-11,31,11,5,9,31,32,-1,38,a
2038248,26,che,liv,3,2,14,3,8,44,25,19,45,14,7,4,52,29,23,49,h
2038248,26,wat,lond,4,10,12,5,8,33,29,4,41,10,5,10,39,39,0,35,d
2038248,27,tot,che,7,3,11,7,8,38,31,7,40,15,3,8,48,27,21,48,a
2038248,27,cry,bur,8,11,11,5,10,34,30,4,38,9,4,13,21,33,-12,31,d
2038248,27,eve,mbl,6,5,12,5,9,33,33,0,41,11,8,7,37,33,4,41,h
2038248,27,west,wol,12,14,7,7,12,29,40,-11,28,6,7,13,20,32,-12,25,d
2038248,27,bou,new,9,16,10,6,10,34,29,5,36,3,5,8,19,44,-25,14,d
2038248,27,lond,mre,10,1,10,6,10,40,40,0,36,17,5,4,51,26,25,56,h
2038248,27,liv,sou,2,15,14,7,5,54,33,21,49,6,6,14,23,41,-18,24,h
2038248,27,kiev,wat,13,4,7,7,12,30,43,-13,28,12,6,8,34,30,4,42,d
2038248,28,che,bou,3,10,16,3,8,49,27,22,51,10,7,10,35,29,6,37,a
2038248,28,wat,eve,5,4,12,7,8,36,32,4,43,13,5,9,37,34,3,44,d
2038248,28,wol,lond,14,9,6,8,13,21,32,-11,26,11,6,10,44,42,2,39,h
2038248,28,sou,bur,15,11,6,6,14,23,41,-18,24,9,5,13,21,33,-12,32,h
2038248,28,liv,tot,2,7,15,7,5,58,34,24,52,11,7,9,38,32,6,40,h
2038248,28,mre,kiev,1,13,17,5,5,53,30,23,56,7,8,12,32,45,-13,29,d
2038248,28,mbl,cry,6,8,11,8,8,38,37,1,41,11,6,10,34,30,4,39,d
2038248,28,new,west,16,12,3,6,18,20,44,-24,15,7,8,12,30,40,-10,29,d
2038248,29,kiev,wol,13,14,7,9,12,34,47,-13,30,7,8,13,22,32,-10,29,a
2038248,29,cry,wat,8,5,11,7,10,36,32,4,40,12,8,8,38,34,4,44,a
2038248,29,west,che,12,3,7,9,12,30,40,-10,30,16,3,9,49,28,21,51,a
2038248,29,tot,sou,9,15,11,7,10,39,36,3,40,7,6,14,24,41,-17,27,h
2038248,29,bur,mbl,11,6,9,5,14,21,34,-13,32,11,9,8,40,39,1,42,a
2038248,29,eve,mre,4,1,13,6,9,39,36,3,45,17,6,5,55,32,23,57,a
2038248,29,bou,liv,7,2,11,7,10,36,29,7,40,16,7,5,62,35,27,55,h
2038248,29,lond,new,10,16,11,6,11,44,43,1,39,3,7,18,20,44,-24,16,h
2038248,30,wat,bur,6,12,12,8,8,38,34,4,44,9,5,15,22,36,-14,32,h
2038248,30,liv,west,2,13,16,7,6,62,37,25,55,7,9,13,32,44,-12,30,h
2038248,30,mre,cry,1,9,18,6,5,57,33,24,60,12,7,11,38,34,4,43,h
2038248,30,new,kiev,16,14,3,7,19,21,46,-25,16,7,9,13,34,48,-14,30,h
2038248,30,che,lond,3,10,17,3,9,53,30,23,54,12,6,11,46,44,2,42,a
2038248,30,tot,bou,8,7,12,7,10,41,36,5,43,12,7,10,38,29,9,43,h
2038248,30,sou,mbl,15,4,7,6,15,24,43,-19,27,12,9,8,42,40,2,45,h
2038248,30,wol,eve,11,5,8,8,13,23,32,-9,32,13,6,10,40,38,2,45,h
2038304,1,liv,cry,0,0,0,0,0,0,0,0,0,0,0,0,0,0,0,0,h
2038304,1,sou,mre,0,0,0,0,0,0,0,0,0,0,0,0,0,0,0,0,a
2038304,1,bou,new,0,0,0,0,0,0,0,0,0,0,0,0,0,0,0,0,d
2038304,1,che,kiev,0,0,0,0,0,0,0,0,0,0,0,0,0,0,0,0,d
2038304,1,tot,eve,0,0,0,0,0,0,0,0,0,0,0,0,0,0,0,0,h
2038304,1,bur,mbl,0,0,0,0,0,0,0,0,0,0,0,0,0,0,0,0,a
2038304,1,wol,lond,0,0,0,0,0,0,0,0,0,0,0,0,0,0,0,0,a
2038304,1,wat,west,0,0,0,0,0,0,0,0,0,0,0,0,0,0,0,0,a
2038304,2,kiev,wol,8,13,0,1,0,1,1,0,1,0,0,1,1,3,-2,0,d
2038304,2,mbl,tot,1,6,1,0,0,4,0,4,3,1,0,0,3,2,1,3,a
2038304,2,new,sou,7,14,0,1,0,1,1,0,1,0,0,1,0,2,-2,0,a
2038304,2,cry,wat,15,12,0,0,1,0,2,-2,0,0,0,1,1,2,-1,0,h
2038304,2,lond,bur,4,16,1,0,0,3,1,2,3,0,0,1,0,4,-4,0,h
2038304,2,eve,liv,11,3,0,0,1,2,3,-1,0,1,0,0,2,0,2,3,a
2038304,2,west,bou,5,9,1,0,0,2,1,1,3,0,1,0,1,1,0,1,d
2038304,2,mre,che,2,10,1,0,0,2,0,2,3,0,1,0,1,1,0,1,a
2038304,3,sou,west,9,5,1,0,1,1,2,-1,3,1,1,0,3,2,1,4,a
2038304,3,lond,mbl,2,6,2,0,0,5,1,4,6,1,0,1,5,3,2,3,h
2038304,3,bur,kiev,16,10,0,0,2,0,6,-6,0,0,2,0,2,2,0,2,a
2038304,3,liv,tot,1,3,2,0,0,5,1,4,6,2,0,0,6,3,3,6,h
2038304,3,wol,mre,13,7,0,1,1,2,4,-2,1,1,0,1,3,3,0,3,h
2038304,3,wat,eve,15,14,0,0,2,2,5,-3,0,0,0,2,3,6,-3,0,a
2038304,3,che,new,4,12,1,1,0,4,2,2,4,0,1,1,1,2,-1,1,h
2038304,3,bou,cry,11,8,0,2,0,2,2,0,2,1,0,1,3,3,0,3,d
2038304,4,cry,sou,8,13,1,1,1,4,4,0,4,1,0,2,1,5,-4,3,d
2038304,4,tot,wat,5,15,2,0,1,6,5,1,6,0,0,3,2,6,-4,0,h
2038304,4,eve,bou,12,10,1,0,2,4,6,-2,3,0,3,0,3,3,0,3,h
2038304,4,kiev,lond,6,2,1,2,0,3,2,1,5,3,0,0,7,1,6,9,h
2038304,4,west,che,3,4,2,1,0,6,2,4,7,2,1,0,7,3,4,7,a
2038304,4,mbl,liv,9,1,1,0,2,5,5,0,3,3,0,0,7,1,6,9,h
2038304,4,mre,bur,11,10,1,0,2,3,5,-2,3,0,3,0,3,3,0,3,h
2038304,4,new,wol,14,7,0,1,2,2,5,-3,1,1,1,1,4,4,0,4,a
2038304,5,lond,mre,2,10,3,0,1,8,4,4,9,2,0,2,4,5,-1,6,h
2038304,5,bur,new,16,14,0,0,4,0,8,-8,0,0,1,3,2,6,-4,1,d
2038304,5,kiev,mbl,5,8,2,2,0,6,3,3,8,2,0,2,9,6,3,6,h
2038304,5,wol,west,7,6,2,1,1,5,4,1,7,2,1,1,7,4,3,7,d
2038304,5,bou,tot,13,4,0,3,1,3,5,-2,3,3,0,1,9,6,3,9,h
2038304,5,che,cry,1,11,3,1,0,9,4,5,10,1,2,1,5,5,0,5,h
2038304,5,wat,liv,15,3,0,0,4,3,9,-6,0,3,0,1,8,5,3,9,h
2038304,5,sou,eve,12,9,1,1,2,2,6,-4,4,2,0,2,6,6,0,6,a
2038304,6,liv,bou,4,10,3,0,2,8,6,2,9,1,3,1,5,5,0,6,h
2038304,6,new,lond,15,2,0,2,3,2,6,-4,2,4,0,1,11,5,6,12,d
2038304,6,mbl,wat,9,14,2,0,3,9,8,1,6,1,0,4,4,9,-5,3,h
2038304,6,tot,sou,6,13,3,0,2,9,8,1,9,1,1,3,2,8,-6,4,h
2038304,6,cry,wol,12,8,1,2,2,6,7,-1,5,2,2,1,6,5,1,8,d
2038304,6,mre,kiev,11,3,2,0,3,4,7,-3,6,3,2,0,8,3,5,11,d
2038304,6,eve,che,5,1,3,0,2,8,6,2,9,4,1,0,11,5,6,13,a
2038304,6,west,bur,7,16,2,2,1,8,5,3,8,0,1,4,0,8,-8,1,a
2038304,7,mre,mbl,10,6,2,1,3,5,8,-3,7,3,0,3,14,10,4,9,d
2038304,7,lond,west,2,9,4,1,1,11,5,6,13,2,2,2,8,6,2,8,h
2038304,7,sou,liv,13,4,1,1,4,2,9,-7,4,4,0,2,9,6,3,12,d
2038304,7,bou,wat,11,16,1,3,2,5,6,-1,6,1,0,5,6,14,-8,3,h
2038304,7,bur,cry,14,12,1,1,4,1,8,-7,4,1,3,2,8,9,-1,6,h
2038304,7,kiev,new,3,15,3,3,0,9,4,5,12,0,3,3,3,7,-4,3,h
2038304,7,wol,eve,8,7,2,3,1,8,7,1,9,3,0,3,8,7,1,9,a
2038304,7,che,tot,1,5,5,1,0,12,5,7,16,4,0,2,10,8,2,12,a
2038304,8,mbl,bou,7,8,3,1,3,14,10,4,10,2,3,2,8,7,1,9,d
2038304,8,tot,wol,4,9,5,0,2,15,10,5,15,2,3,2,8,8,0,9,d
2038304,8,liv,che,5,2,4,1,2,10,7,3,13,5,1,1,14,10,4,16,d
2038304,8,new,mre,15,11,0,3,4,4,9,-5,3,2,2,3,5,8,-3,8,a
2038304,8,west,kiev,10,3,2,2,3,9,9,0,8,4,3,0,11,5,6,15,d
2038304,8,eve,bur,6,12,4,0,3,9,7,2,12,2,1,4,2,8,-6,7,h
2038304,8,wat,sou,16,14,1,0,6,7,17,-10,3,1,2,4,3,10,-7,5,h
2038304,8,cry,lond,13,1,1,3,3,8,10,-2,6,5,1,1,14,6,8,16,d
2038304,9,kiev,cry,3,12,4,4,0,11,5,6,16,1,4,3,9,11,-2,7,h
2038304,9,bur,tot,13,4,2,1,5,2,9,-7,7,5,1,2,16,11,5,16,h
2038304,9,mre,west,8,11,3,2,3,7,8,-1,11,2,3,3,9,9,0,9,h
2038304,9,new,mbl,16,7,0,3,5,4,11,-7,3,3,2,3,16,12,4,11,a
2038304,9,sou,bou,15,9,1,2,5,4,13,-9,5,2,4,2,10,9,1,10,h
2038304,9,lond,eve,1,5,5,2,1,15,7,8,17,5,0,3,10,7,3,15,d
2038304,9,che,wat,2,14,5,2,1,15,11,4,17,2,0,6,10,18,-8,6,h
2038304,9,wol,liv,10,6,2,4,2,9,9,0,10,4,2,2,11,8,3,14,a
2038304,10,bou,che,9,1,2,4,3,10,10,0,10,6,2,1,19,12,7,20,a
2038304,10,wat,wol,15,10,2,0,7,11,22,-11,6,2,4,3,10,11,-1,10,a
2038304,10,west,new,12,16,2,3,4,10,12,-2,9,0,3,6,5,13,-8,3,h
2038304,10,eve,kiev,6,2,5,1,3,10,7,3,16,5,4,0,15,6,9,19,a
2038304,10,tot,lond,5,3,5,1,3,16,12,4,16,5,3,1,15,7,8,18,d
2038304,10,mbl,sou,7,13,4,2,3,18,13,5,14,2,2,5,5,13,-8,8,h
2038304,10,cry,mre,14,8,1,4,4,10,15,-5,7,4,2,3,10,9,1,14,d
2038304,10,liv,bur,4,11,5,2,2,13,9,4,17,3,1,5,3,9,-6,10,h
2038304,11,bur,wat,12,15,3,1,6,4,13,-9,10,2,0,8,12,24,-12,6,a
2038304,11,lond,liv,4,3,5,4,1,16,8,8,19,6,2,2,17,10,7,20,d
2038304,11,wol,bou,9,11,3,4,3,12,12,0,13,2,4,4,10,12,-2,10,h
2038304,11,west,mbl,10,5,3,3,4,12,13,-1,12,5,2,3,23,13,10,17,a
2038304,11,mre,eve,8,7,4,3,3,11,10,1,15,5,1,4,10,9,1,16,h
2038304,11,new,cry,16,13,0,3,7,6,15,-9,3,1,5,4,11,16,-5,8,d
2038304,11,che,sou,1,14,7,2,1,21,12,9,23,2,2,6,5,18,-13,8,h
2038304,11,kiev,tot,2,6,6,4,0,17,6,11,22,5,2,3,17,13,4,17,a
2038304,12,sou,wol,15,8,2,2,7,5,19,-14,8,4,4,3,13,12,1,16,a
2038304,12,cry,west,13,10,1,6,4,12,17,-5,9,3,3,5,14,17,-3,12,h
2038304,12,eve,new,9,16,5,1,5,10,10,0,16,0,4,7,7,16,-9,4,d
2038304,12,wat,lond,14,5,3,0,8,13,24,-11,9,5,5,1,18,10,8,20,a
2038304,12,bou,bur,11,12,2,4,5,10,13,-3,10,3,1,7,4,14,-10,10,h
2038304,12,liv,kiev,3,2,6,3,2,19,12,7,21,6,4,1,18,8,10,22,a
2038304,12,mbl,che,4,1,6,2,3,27,15,12,20,8,2,1,22,12,10,26,a
2038304,12,tot,mre,6,7,6,2,3,19,14,5,20,5,3,3,12,10,2,18,h
2038304,13,bur,sou,13,15,3,1,8,5,16,-11,10,2,2,8,6,22,-16,8,d
2038304,13,new,tot,16,4,0,5,7,7,16,-9,5,7,2,3,22,14,8,23,h
2038304,13,kiev,wat,2,14,7,4,1,20,8,12,25,3,0,9,13,25,-12,9,a
2038304,13,cry,mbl,12,6,2,6,4,14,18,-4,12,6,2,4,28,19,9,20,a
2038304,13,wol,che,7,1,5,4,3,16,13,3,19,9,2,1,26,13,13,29,h
2038304,13,mre,liv,8,5,5,3,4,12,13,-1,18,6,3,3,19,14,5,21,d
2038304,13,west,eve,11,9,3,3,6,15,19,-4,12,5,2,5,10,10,0,17,a
2038304,13,lond,bou,3,10,6,5,1,19,10,9,23,3,4,5,12,14,-2,13,d
2038304,14,wat,mre,13,9,4,0,9,15,26,-11,12,5,4,4,13,14,-1,19,h
2038304,14,tot,west,5,11,7,2,4,22,17,5,23,3,3,7,15,21,-6,12,d
2038304,14,sou,lond,15,3,2,3,8,7,23,-16,9,6,6,1,20,11,9,24,a
2038304,14,mbl,wol,4,7,7,2,4,32,19,13,23,6,4,3,18,13,5,22,h
2038304,14,eve,cry,8,12,6,2,5,12,10,2,20,2,6,5,14,22,-8,12,h
2038304,14,liv,new,6,16,6,4,3,20,15,5,22,1,5,7,10,16,-6,8,h
2038304,14,che,bur,1,14,9,2,2,26,15,11,29,3,2,8,6,17,-11,11,a
2038304,14,bou,kiev,10,2,3,5,5,13,15,-2,14,7,4,2,21,10,11,25,a
2038304,15,cry,tot,14,6,2,6,6,14,26,-12,12,7,3,4,23,18,5,24,a
2038304,15,lond,che,3,1,7,6,1,22,11,11,27,9,2,3,26,18,8,29,h
2038304,15,west,liv,13,5,3,4,7,16,22,-6,13,7,4,3,22,16,6,25,a
2038304,15,mre,bou,9,11,5,4,5,13,15,-2,19,3,5,6,14,18,-4,14,d
2038304,15,kiev,sou,2,15,8,4,2,24,11,13,28,2,3,9,7,25,-18,9,a
2038304,15,bur,wol,12,8,4,2,8,9,17,-8,14,6,4,4,19,15,4,22,d
2038304,15,eve,mbl,7,4,7,2,5,16,10,6,23,8,2,4,34,20,14,26,h
2038304,15,new,wat,16,10,1,5,8,11,18,-7,8,5,0,9,16,26,-10,15,a
2038304,16,cry,liv,14,4,2,6,7,15,28,-13,12,8,4,3,25,17,8,28,a
2038304,16,mre,sou,9,15,5,5,5,13,15,-2,20,3,3,9,9,25,-16,12,d
2038304,16,new,bou,16,11,1,5,9,11,19,-8,8,3,6,6,14,18,-4,15,d
2038304,16,kiev,che,3,2,8,4,3,24,13,11,28,9,2,4,28,21,7,29,a
2038304,16,eve,tot,7,5,8,2,5,20,12,8,26,8,3,4,25,19,6,27,a
2038304,16,mbl,bur,6,12,8,2,5,36,24,12,26,4,3,8,10,18,-8,15,h
2038304,16,lond,wol,1,8,8,6,1,25,13,12,30,6,5,4,20,16,4,23,a
2038304,16,west,wat,13,10,3,4,8,17,25,-8,13,6,0,9,17,26,-9,18,d
2038304,17,wol,kiev,8,6,7,5,4,21,16,5,26,8,4,4,24,15,9,28,h
2038304,17,tot,mbl,4,5,9,3,4,28,20,8,30,9,2,5,38,24,14,29,h
2038304,17,sou,new,14,16,3,4,9,10,26,-16,13,1,6,9,12,20,-8,9,a
2038304,17,wat,cry,10,15,6,1,9,17,26,-9,19,2,6,8,16,31,-15,12,a
2038304,17,bur,lond,12,3,4,3,9,10,20,-10,15,8,6,2,25,14,11,30,a
2038304,17,liv,eve,2,7,9,4,3,28,18,10,31,8,2,6,21,15,6,26,h
2038304,17,bou,west,11,13,3,7,6,15,19,-4,16,3,5,8,17,25,-8,14,h
2038304,17,che,mre,1,9,10,2,4,30,21,9,32,5,6,5,14,16,-2,21,h
2038304,18,west,sou,14,15,3,5,9,17,27,-10,14,3,4,10,10,29,-19,13,a
2038304,18,mbl,lond,5,3,9,2,6,40,27,13,29,9,6,2,27,15,12,33,h
2038304,18,kiev,bur,7,12,8,4,5,24,20,4,28,4,3,10,11,22,-11,15,h
2038304,18,tot,liv,4,2,10,3,4,31,22,9,33,10,4,3,32,19,13,34,h
2038304,18,mre,wol,9,6,5,6,6,15,18,-3,21,8,5,4,26,16,10,29,d
2038304,18,eve,wat,8,11,8,2,7,22,19,3,26,6,1,10,17,27,-10,19,d
2038304,18,new,che,16,1,2,6,9,15,20,-5,12,11,2,4,32,22,10,35,a
2038304,18,cry,bou,13,10,3,6,8,17,31,-14,15,4,7,6,17,19,-2,19,a
2038304,19,sou,cry,12,14,4,4,10,12,30,-18,16,3,6,9,18,34,-16,15,h
2038304,19,wat,tot,11,2,6,2,10,17,27,-10,20,11,3,4,35,23,12,36,d
2038304,19,bou,eve,9,8,5,7,6,20,20,0,22,8,3,7,22,19,3,27,h
2038304,19,lond,kiev,4,6,9,6,3,29,18,11,33,9,4,5,26,20,6,31,d
2038304,19,che,west,1,15,12,2,4,34,22,12,38,3,5,10,18,29,-11,14,h
2038304,19,liv,mbl,3,5,10,4,4,33,23,10,34,10,2,6,43,29,14,32,d
2038304,19,bur,mre,13,10,4,3,11,11,24,-13,15,5,7,6,18,21,-3,22,d
2038304,19,wol,new,7,16,8,6,4,29,19,10,30,2,6,10,15,22,-7,12,h
2038304,20,mre,lond,10,4,5,8,6,18,21,-3,23,9,7,3,30,19,11,34,h
2038304,20,new,bur,16,13,2,6,11,15,24,-9,12,4,4,11,11,24,-13,16,a
2038304,20,mbl,kiev,5,7,10,3,6,44,30,14,33,9,5,5,27,21,6,32,h
2038304,20,west,wol,15,6,3,5,11,18,32,-14,14,9,6,4,31,19,12,33,d
2038304,20,tot,bou,2,9,11,4,4,36,24,12,37,6,7,6,23,21,2,25,h
2038304,20,cry,che,14,1,3,6,10,19,36,-17,15,13,2,4,37,22,15,41,d
2038304,20,liv,wat,3,11,10,5,4,34,24,10,35,6,3,10,18,28,-10,21,h
2038304,20,eve,sou,8,12,8,3,8,23,22,1,27,5,4,10,14,31,-17,19,h
2038304,21,bou,liv,10,3,6,7,7,24,23,1,25,11,5,4,38,24,14,38,a
2038304,21,lond,new,6,16,9,7,4,30,20,10,34,2,6,12,15,26,-11,12,h
2038304,21,wat,mbl,11,4,6,3,11,18,32,-14,21,11,3,6,49,31,18,36,a
2038304,21,sou,tot,13,2,5,4,11,15,35,-20,19,12,4,4,38,25,13,40,h
2038304,21,wol,cry,5,14,9,7,4,31,19,12,34,3,7,10,19,36,-17,16,h
2038304,21,kiev,mre,7,9,9,5,6,28,26,2,32,6,8,6,19,21,-2,26,d
2038304,21,che,eve,1,8,13,3,4,37,22,15,42,9,3,8,27,23,4,30,h
2038304,21,bur,west,12,15,5,4,11,13,24,-11,19,3,6,11,18,32,-14,15,h
2038304,22,mbl,mre,4,9,12,3,6,50,31,19,39,6,9,6,20,22,-2,27,d
2038304,22,west,lond,15,6,3,6,12,18,34,-16,15,10,7,4,32,20,12,37,a
2038304,22,liv,sou,2,12,12,5,4,40,25,15,41,6,4,11,19,36,-17,22,h
2038304,22,wat,bou,13,10,6,3,12,18,33,-15,21,6,7,8,25,25,0,25,a
2038304,22,cry,bur,14,11,3,7,11,19,39,-20,16,6,4,11,15,24,-9,22,a
2038304,22,new,kiev,16,7,2,6,13,15,28,-13,12,9,6,6,29,27,2,33,a
2038304,22,eve,wol,8,5,9,3,9,28,28,0,30,10,7,4,34,19,15,37,h
2038304,22,tot,che,3,1,12,4,5,39,29,10,40,14,3,4,42,23,19,45,a
2038304,23,bou,mbl,9,3,7,7,8,28,27,1,28,12,4,6,51,32,19,40,h
2038304,23,wol,tot,6,5,10,7,5,34,20,14,37,12,4,6,39,31,8,40,a
2038304,23,che,liv,1,2,15,3,4,44,23,21,48,13,5,4,42,26,16,44,h
2038304,23,mre,new,10,16,6,10,6,21,23,-2,28,2,6,14,16,30,-14,12,h
2038304,23,kiev,west,7,15,10,6,6,31,28,3,36,3,6,13,19,36,-17,15,h
2038304,23,bur,eve,11,8,7,4,11,17,25,-8,25,10,3,9,29,28,1,33,h
2038304,23,sou,wat,12,13,6,4,12,20,38,-18,22,6,3,13,20,36,-16,21,a
2038304,23,lond,cry,4,14,11,7,4,34,21,13,40,3,7,12,20,41,-21,16,h
2038304,24,cry,kiev,14,6,3,7,13,20,45,-25,16,11,6,6,32,28,4,39,d
2038304,24,tot,bur,4,11,13,4,6,40,31,9,43,8,4,11,19,25,-6,28,d
2038304,24,west,mre,15,10,3,6,14,19,37,-18,15,7,10,6,23,24,-1,31,h
2038304,24,mbl,new,5,16,12,4,7,52,36,16,40,2,6,15,17,32,-15,12,h
2038304,24,bou,sou,9,13,8,7,8,32,28,4,31,6,4,13,22,41,-19,22,h
2038304,24,eve,lond,8,3,10,3,10,29,30,-1,33,12,7,4,38,21,17,43,a
2038304,24,wat,che,12,1,7,3,13,23,38,-15,24,16,3,4,47,25,22,51,d
2038304,24,liv,wol,2,7,13,5,5,44,29,15,44,10,7,6,34,21,13,37,d
2038304,25,che,bou,1,8,16,4,4,48,26,22,52,9,7,8,33,28,5,34,h
2038304,25,wol,wat,7,12,10,8,6,35,22,13,38,7,4,13,24,39,-15,25,h
2038304,25,new,west,16,14,2,6,16,17,37,-20,12,4,6,14,21,38,-17,18,h
2038304,25,kiev,eve,6,9,11,7,6,32,28,4,40,10,3,11,30,33,-3,33,h
2038304,25,lond,tot,2,4,13,7,4,41,22,19,46,13,5,6,41,32,9,44,d
2038304,25,sou,mbl,13,5,6,4,14,22,42,-20,22,13,4,7,57,36,21,43,d
2038304,25,mre,cry,10,15,7,10,7,24,26,-2,31,3,8,13,20,45,-25,17,a
2038304,25,bur,liv,11,3,8,5,11,20,26,-6,29,13,6,5,45,30,15,45,a
2038304,26,wat,bur,12,11,7,4,14,24,40,-16,25,8,5,12,20,27,-7,29,h
2038304,26,liv,lond,2,3,14,6,5,46,30,16,48,13,8,4,42,23,19,47,a
2038304,26,bou,wol,8,7,9,7,9,34,31,3,34,11,8,6,36,22,14,41,a
2038304,26,mbl,west,5,15,13,5,7,58,37,21,44,4,6,15,23,41,-18,18,h
2038304,26,eve,mre,9,10,10,3,12,31,35,-4,33,7,10,8,25,28,-3,31,h
2038304,26,cry,new,14,16,4,8,13,22,46,-24,20,3,6,16,20,39,-19,15,d
2038304,26,sou,che,13,1,6,5,14,23,43,-20,23,17,4,4,51,27,24,55,d
2038304,26,tot,kiev,4,6,13,6,6,42,33,9,45,12,7,6,34,29,5,43,d
2038304,27,wol,sou,6,13,12,8,6,37,22,15,44,6,6,14,24,44,-20,24,a
2038304,27,west,cry,15,14,4,6,16,23,42,-19,18,4,9,13,23,47,-24,21,a
2038304,27,new,eve,16,8,3,7,16,21,40,-19,16,11,3,12,33,36,-3,36,d
2038304,27,lond,wat,2,12,14,8,4,43,23,20,50,8,4,14,25,40,-15,28,h
2038304,27,bur,bou,11,9,8,5,13,20,28,-8,29,9,7,10,34,32,2,34,a
2038304,27,kiev,liv,7,3,12,8,6,35,30,5,44,14,6,6,46,31,15,48,a
2038304,27,che,mbl,1,4,17,5,4,52,28,24,56,14,5,7,59,37,22,47,d
2038304,27,mre,tot,10,5,7,10,9,26,30,-4,31,13,7,6,43,34,9,46,a
2038304,28,sou,bur,13,11,7,6,14,25,44,-19,27,8,5,14,20,30,-10,29,a
2038304,28,tot,new,4,16,14,7,6,47,35,12,49,3,8,16,21,40,-19,17,d
2038304,28,wat,kiev,12,7,8,4,15,26,42,-16,28,12,8,7,36,31,5,44,d
2038304,28,mbl,cry,5,14,14,6,7,59,37,22,48,5,9,13,24,47,-23,24,h
2038304,28,che,wol,1,6,17,6,4,52,28,24,57,12,8,7,37,23,14,44,d
2038304,28,liv,mre,3,10,15,6,6,48,32,16,51,7,10,10,27,34,-7,31,d
2038304,28,eve,west,9,15,11,4,12,33,36,-3,37,4,6,17,23,43,-20,18,h
2038304,28,bou,lond,8,2,10,7,10,36,32,4,37,15,8,4,45,24,21,53,h
2038304,29,mre,wat,10,12,7,11,10,29,36,-7,32,8,5,15,27,43,-16,29,h
2038304,29,west,tot,16,4,4,6,18,24,45,-21,18,14,8,6,47,35,12,50,h
2038304,29,lond,sou,2,13,15,8,5,45,25,20,53,7,6,15,25,44,-19,27,a
2038304,29,wol,mbl,6,5,12,9,7,38,24,14,45,15,6,7,60,37,23,51,d
2038304,29,cry,eve,14,9,5,9,14,24,48,-24,24,12,4,12,35,37,-2,40,a
2038304,29,new,liv,15,3,3,9,16,21,40,-19,18,15,7,6,50,34,16,52,a
2038304,29,bur,che,11,1,9,5,14,21,30,-9,32,17,7,4,53,29,24,58,a
2038304,29,kiev,bou,7,8,12,9,7,37,32,5,45,11,7,10,37,32,5,40,d
2038304,30,tot,cry,5,14,14,8,7,47,37,10,50,5,9,15,25,51,-26,24,h
2038304,30,che,lond,1,3,18,7,4,54,29,25,61,15,8,6,46,28,18,53,h
2038304,30,liv,west,2,15,16,7,6,51,34,17,55,5,6,18,26,45,-19,21,d
2038304,30,bou,mre,9,10,11,8,10,38,33,5,41,8,11,10,30,36,-6,35,d
2038304,30,sou,kiev,12,7,8,6,15,28,45,-17,30,12,10,7,38,33,5,46,d
2038304,30,wol,bur,6,11,12,10,7,39,25,14,46,9,5,15,21,31,-10,32,d
2038304,30,mbl,eve,4,8,15,7,7,61,38,23,52,13,4,12,38,38,0,43,a
2038304,30,wat,new,13,16,8,5,16,27,44,-17,29,3,9,17,21,41,-20,18,a
2038362,1,lond,sou,0,0,0,0,0,0,0,0,0,0,0,0,0,0,0,0,h
2038362,1,mre,wat,0,0,0,0,0,0,0,0,0,0,0,0,0,0,0,0,h
2038362,1,kiev,eve,0,0,0,0,0,0,0,0,0,0,0,0,0,0,0,0,h
2038362,1,cry,west,0,0,0,0,0,0,0,0,0,0,0,0,0,0,0,0,d
2038362,1,new,bur,0,0,0,0,0,0,0,0,0,0,0,0,0,0,0,0,h
2038362,1,liv,tot,0,0,0,0,0,0,0,0,0,0,0,0,0,0,0,0,h
2038362,1,bou,wol,0,0,0,0,0,0,0,0,0,0,0,0,0,0,0,0,h
2038362,1,che,mbl,0,0,0,0,0,0,0,0,0,0,0,0,0,0,0,0,a
2038362,2,west,bou,9,2,0,1,0,1,1,0,1,1,0,0,4,1,3,3,d
2038362,2,tot,new,10,3,0,0,1,1,2,-1,0,1,0,0,3,1,2,3,h
2038362,2,eve,mre,12,4,0,0,1,0,1,-1,0,1,0,0,1,0,1,3,d
2038362,2,sou,che,16,13,0,0,1,0,5,-5,0,0,0,1,2,3,-1,0,a
2038362,2,wol,liv,15,6,0,0,1,1,4,-3,0,1,0,0,2,1,1,3,a
2038362,2,bur,lond,14,1,0,0,1,1,3,-2,0,1,0,0,5,0,5,3,d
2038362,2,mbl,kiev,7,5,1,0,0,3,2,1,3,1,0,0,1,0,1,3,h
2038362,2,wat,cry,11,8,0,0,1,0,1,-1,0,0,1,0,1,1,0,1,h
2038362,3,mre,mbl,5,1,1,1,0,4,3,1,4,2,0,0,7,4,3,6,a
2038362,3,wol,tot,15,6,0,0,2,2,6,-4,0,1,0,1,4,2,2,3,a
2038362,3,liv,west,2,11,2,0,0,4,2,2,6,0,2,0,2,2,0,2,d
2038362,3,lond,new,3,10,1,1,0,7,2,5,4,1,0,1,3,4,-1,3,h
2038362,3,bou,wat,4,8,1,1,0,5,2,3,4,1,0,1,2,1,1,3,h
2038362,3,che,bur,7,13,1,0,1,5,3,2,3,0,1,1,3,5,-2,1,d
2038362,3,cry,eve,14,12,0,1,1,1,3,-2,1,0,1,1,3,4,-1,1,a
2038362,3,kiev,sou,9,16,1,0,1,3,4,-1,3,0,0,2,0,8,-8,0,h
2038362,4,sou,mre,16,9,0,0,3,0,9,-9,0,1,1,1,5,5,0,4,a
2038362,4,new,che,12,7,1,0,2,4,7,-3,3,1,1,1,6,4,2,4,a
2038362,4,bur,kiev,13,6,0,2,1,4,6,-2,2,2,0,1,4,4,0,6,h
2038362,4,west,wol,11,15,0,3,0,4,4,0,3,0,0,3,4,9,-5,0,a
2038362,4,mbl,cry,1,14,3,0,0,9,5,4,9,0,1,2,3,7,-4,1,h
2038362,4,tot,lond,5,2,2,0,1,7,4,3,6,2,1,0,10,3,7,7,h
2038362,4,wat,liv,10,4,1,0,2,3,3,0,3,2,1,0,6,4,2,7,d
2038362,4,eve,bou,8,3,1,1,1,7,6,1,4,2,1,0,7,3,4,7,a
2038362,5,wol,wat,13,10,1,0,3,5,9,-4,3,1,1,2,4,4,0,4,a
2038362,5,liv,eve,4,11,2,2,0,7,5,2,8,1,1,2,9,9,0,4,d
2038362,5,west,tot,12,3,0,3,1,4,5,-1,3,3,0,1,11,5,6,9,h
2038362,5,bou,mbl,2,1,3,1,0,10,5,5,10,4,0,0,12,6,6,12,h
2038362,5,kiev,new,8,14,2,0,2,4,5,-1,6,1,0,3,4,8,-4,3,h
2038362,5,cry,sou,15,16,0,1,3,4,10,-6,1,0,0,4,0,10,-10,0,a
2038362,5,che,lond,6,5,2,1,1,7,4,3,7,2,1,1,11,7,4,7,d
2038362,5,mre,bur,7,9,2,1,1,6,5,1,7,1,2,1,5,6,-1,5,h
2038362,6,lond,kiev,7,6,2,2,1,12,8,4,8,3,0,2,7,7,0,9,h
2038362,6,eve,wol,11,13,1,2,2,9,9,0,5,1,0,4,6,11,-5,3,d
2038362,6,tot,che,4,8,3,0,2,11,6,5,9,2,2,1,8,5,3,8,d
2038362,6,new,mre,14,3,1,0,4,6,11,-5,3,3,1,1,9,5,4,10,a
2038362,6,sou,bou,15,1,1,0,4,3,10,-7,3,4,1,0,12,5,7,13,d
2038362,6,wat,west,9,10,2,1,2,6,5,1,7,1,3,1,5,5,0,6,h
2038362,6,bur,cry,12,16,1,2,2,5,9,-4,5,0,1,4,4,13,-9,1,a
2038362,6,mbl,liv,2,5,4,0,1,12,8,4,12,2,3,0,7,5,2,9,h
2038362,7,wat,tot,6,5,3,1,2,7,5,2,10,3,1,2,13,8,5,10,d
2038362,7,wol,mbl,13,1,1,1,4,6,11,-5,4,5,0,1,14,8,6,15,a
2038362,7,mre,lond,3,4,4,1,1,11,5,6,13,3,2,1,14,8,6,11,a
2038362,7,kiev,che,9,7,3,0,3,7,9,-2,9,2,3,1,10,7,3,9,a
2038362,7,liv,sou,8,15,2,3,1,7,7,0,9,1,1,4,3,10,-7,4,d
2038362,7,west,eve,11,10,1,3,2,5,6,-1,6,1,3,2,9,9,0,6,d
2038362,7,bou,bur,2,12,4,2,0,12,5,7,14,1,2,3,5,11,-6,5,h
2038362,7,cry,new,14,16,1,1,4,6,13,-7,4,1,0,5,6,13,-7,3,h
2038362,8,tot,kiev,6,9,3,2,2,14,9,5,11,3,0,4,7,10,-3,9,d
2038362,8,new,bou,16,2,1,0,6,8,18,-10,3,5,2,0,14,5,9,17,a
2038362,8,lond,cry,3,12,4,2,1,16,8,8,14,2,1,4,11,5,6,7,h
2038362,8,eve,wat,10,7,1,4,2,9,9,0,7,3,2,2,8,6,2,11,d
2038362,8,mbl,west,1,11,6,0,1,15,8,7,18,1,4,2,5,6,-1,7,d
2038362,8,bur,liv,14,8,1,2,4,5,13,-8,5,2,4,1,7,7,0,10,a
2038362,8,che,mre,5,4,3,3,1,11,7,4,12,4,1,2,11,7,4,13,h
2038362,8,sou,wol,13,15,1,2,4,3,10,-7,5,1,1,5,6,12,-6,4,a
2038362,9,west,sou,11,14,1,5,2,5,6,-1,8,1,2,5,3,11,-8,5,d
2038362,9,liv,new,6,16,3,4,1,9,8,1,13,1,0,7,8,21,-13,3,h
2038362,9,wat,mbl,8,2,3,3,2,8,6,2,12,6,1,1,15,8,7,19,d
2038362,9,eve,tot,10,7,1,5,2,9,9,0,8,3,3,2,15,10,5,12,a
2038362,9,mre,kiev,5,9,4,1,3,12,11,1,13,3,1,4,8,11,-3,10,h
2038362,9,wol,bur,12,15,2,1,5,7,12,-5,7,1,2,5,6,15,-9,5,h
2038362,9,cry,che,13,4,2,1,5,12,18,-6,7,4,3,1,15,8,7,15,a
2038362,9,bou,lond,1,3,6,2,0,17,5,12,20,5,2,1,19,9,10,17,d
2038362,10,kiev,cry,9,13,3,1,5,8,12,-4,10,2,1,6,13,21,-8,7,d
2038362,10,che,bou,4,1,5,3,1,18,9,9,18,6,3,0,18,6,12,21,h
2038362,10,mbl,eve,2,12,6,2,1,15,8,7,20,1,5,3,10,12,-2,8,a
2038362,10,bur,west,15,11,1,2,6,6,16,-10,5,1,6,2,6,7,-1,9,d
2038362,10,new,wol,16,10,1,0,8,8,23,-15,3,3,1,5,8,12,-4,10,a
2038362,10,tot,mre,7,6,4,3,2,18,11,7,15,5,1,3,13,11,2,16,h
2038362,10,sou,wat,14,8,1,3,5,4,12,-8,6,3,4,2,8,6,2,13,a
2038362,10,lond,liv,3,5,5,3,1,20,10,10,18,4,4,1,11,8,3,16,d
2038362,11,liv,che,6,1,4,5,1,12,9,3,17,6,3,1,21,9,12,21,d
2038362,11,wol,lond,9,4,4,1,5,10,13,-3,13,5,4,1,21,11,10,19,a
2038362,11,bou,kiev,2,11,6,3,1,18,9,9,21,3,2,5,9,13,-4,11,h
2038362,11,mbl,tot,3,5,6,2,2,17,11,6,20,5,3,2,21,12,9,18,h
2038362,11,wat,bur,7,15,4,4,2,9,6,3,16,1,3,6,8,18,-10,6,d
2038362,11,eve,sou,10,14,2,5,3,13,14,-1,11,1,3,6,4,13,-9,6,h
2038362,11,cry,mre,13,8,2,2,6,14,22,-8,8,5,1,4,14,14,0,16,h
2038362,11,west,new,12,16,1,7,2,8,9,-1,10,1,0,9,9,25,-16,3,a
2038362,12,mre,bou,8,1,5,1,5,14,16,-2,16,7,3,1,19,9,10,24,a
2038362,12,sou,mbl,15,2,1,3,7,5,16,-11,6,7,2,2,19,12,7,23,d
2038362,12,bur,eve,14,9,1,4,6,8,18,-10,7,3,5,3,16,15,1,14,h
2038362,12,che,wol,4,10,6,4,1,22,10,12,22,4,1,6,10,16,-6,13,h
2038362,12,kiev,liv,11,6,3,2,6,9,14,-5,11,4,6,1,13,10,3,18,d
2038362,12,lond,west,3,13,6,4,1,24,11,13,22,1,7,3,9,11,-2,10,d
2038362,12,tot,cry,5,12,5,3,3,22,14,8,18,3,2,6,16,22,-6,11,a
2038362,12,new,wat,16,7,2,0,9,11,26,-15,6,4,5,2,9,6,3,17,h
2038362,13,liv,mre,5,8,4,7,1,14,11,3,19,5,1,6,16,20,-4,16,d
2038362,13,eve,new,9,15,3,5,4,17,17,0,14,3,0,9,13,27,-14,9,d
2038362,13,west,che,13,2,1,8,9,10,12,-2,11,7,4,1,24,11,13,25,h
2038362,13,sou,tot,16,6,1,4,7,6,17,-11,7,5,3,4,22,15,7,18,d
2038362,13,bou,cry,1,10,8,3,1,23,11,12,27,4,2,6,17,22,-5,14,h
2038362,13,wat,lond,7,4,4,5,3,10,8,2,17,6,5,1,25,12,13,23,h
2038362,13,mbl,bur,3,14,7,3,2,20,13,7,24,2,4,6,10,19,-9,10,h
2038362,13,wol,kiev,11,12,4,1,7,11,18,-7,13,3,3,6,10,15,-5,12,d
2038362,14,che,wat,3,5,7,4,2,26,14,12,25,5,5,3,11,8,3,20,d
2038362,14,new,mbl,15,2,3,1,9,14,28,-14,10,8,3,2,21,13,8,27,a
2038362,14,mre,wol,8,12,5,2,6,17,21,-4,17,4,2,7,13,20,-7,14,h
2038362,14,tot,bou,7,1,5,4,4,23,16,7,19,9,3,1,24,11,13,30,h
2038362,14,bur,sou,14,16,2,4,7,10,20,-10,10,1,5,7,7,18,-11,8,h
2038362,14,lond,eve,4,9,6,5,2,25,13,12,23,3,6,4,18,18,0,15,d
2038362,14,cry,liv,11,6,4,2,7,17,23,-6,14,4,8,1,15,12,3,20,d
2038362,14,kiev,west,13,10,3,4,6,12,17,-5,13,2,8,3,13,14,-1,14,h
2038362,15,sou,new,16,15,1,5,8,7,21,-14,8,3,1,10,14,33,-19,10,h
2038362,15,wol,cry,13,11,4,2,8,16,24,-8,14,4,3,7,18,24,-6,15,h
2038362,15,mbl,lond,1,4,9,3,2,26,13,13,30,6,6,2,27,15,12,24,d
2038362,15,wat,kiev,6,10,5,6,3,11,8,3,21,4,4,6,17,18,-1,16,h
2038362,15,west,mre,12,8,2,8,4,14,19,-5,14,6,2,6,21,24,-3,20,a
2038362,15,liv,bou,7,2,4,9,1,16,13,3,21,9,3,2,26,13,13,30,h
2038362,15,bur,tot,14,5,3,4,7,13,20,-7,13,6,4,4,25,17,8,22,a
2038362,15,eve,che,9,3,3,7,4,20,20,0,16,7,5,2,26,14,12,26,d
2038362,16,sou,lond,15,4,2,5,8,11,22,-11,11,6,7,2,28,16,12,25,a
2038362,16,wat,mre,6,8,6,6,3,15,9,6,24,7,2,6,25,24,1,23,h
2038362,16,eve,kiev,9,11,3,8,4,23,23,0,17,4,4,7,18,22,-4,16,h
2038362,16,west,cry,13,12,2,8,5,14,23,-9,14,4,3,8,18,27,-9,15,h
2038362,16,bur,new,14,16,3,4,8,14,22,-8,13,3,1,11,15,37,-22,10,a
2038362,16,tot,liv,5,7,7,4,4,27,18,9,25,5,9,1,19,13,6,24,a
2038362,16,wol,bou,10,2,5,2,8,19,24,-5,17,9,3,3,25,16,9,30,a
2038362,16,mbl,che,1,3,9,4,2,27,14,13,31,7,6,2,29,17,12,27,d
2038362,17,bou,west,1,11,10,3,3,28,17,11,33,3,8,5,16,23,-7,17,h
2038362,17,new,tot,15,7,4,1,11,17,38,-21,13,7,4,5,28,20,8,25,a
2038362,17,mre,eve,8,9,7,2,7,26,27,-1,23,4,8,4,26,25,1,20,d
2038362,17,che,sou,4,16,7,7,2,31,19,12,28,2,5,9,11,24,-13,11,h
2038362,17,liv,wol,6,10,6,9,1,21,14,7,27,5,2,9,20,27,-7,17,d
2038362,17,lond,bur,3,14,7,7,2,30,16,14,28,3,4,9,15,24,-9,13,h
2038362,17,kiev,mbl,12,2,4,4,8,20,25,-5,16,9,5,2,29,16,13,32,h
2038362,17,cry,wat,13,5,4,3,9,18,29,-11,15,7,6,3,18,10,8,27,a
2038362,18,mbl,mre,2,8,9,5,3,30,20,10,32,7,3,7,26,27,-1,24,d
2038362,18,tot,wol,6,11,8,4,5,31,20,11,28,5,3,9,20,27,-7,18,a
2038362,18,west,liv,12,7,3,8,6,16,24,-8,17,6,10,1,21,14,7,28,a
2038362,18,new,lond,15,3,4,1,12,17,41,-24,13,8,7,2,31,16,15,31,a
2038362,18,wat,bou,5,1,8,6,3,20,10,10,30,11,3,3,29,17,12,36,a
2038362,18,bur,che,14,4,3,4,10,15,25,-10,13,8,7,2,35,20,15,31,a
2038362,18,eve,cry,9,13,4,9,4,26,25,1,21,4,3,10,18,31,-13,15,h
2038362,18,sou,kiev,16,10,2,5,10,12,28,-16,11,5,4,8,24,26,-2,19,h
2038362,19,mre,sou,8,14,7,4,7,28,29,-1,25,3,5,10,14,29,-15,14,h
2038362,19,che,new,3,16,9,7,2,37,21,16,34,4,1,13,17,43,-26,13,h
2038362,19,kiev,bur,11,15,5,4,9,25,28,-3,19,3,4,11,16,27,-11,13,a
2038362,19,wol,west,10,12,6,3,9,22,27,-5,21,3,8,7,16,27,-11,17,d
2038362,19,cry,mbl,13,4,4,3,11,18,33,-15,15,9,6,3,32,22,10,33,a
2038362,19,lond,tot,2,7,9,7,2,33,16,17,34,8,4,6,31,22,9,28,h
2038362,19,liv,wat,5,6,7,10,1,24,14,10,31,8,6,4,21,12,9,30,h
2038362,19,bou,eve,1,9,12,3,3,31,18,13,39,5,9,4,28,25,3,24,d
2038362,20,wat,wol,6,10,8,6,5,21,13,8,30,6,4,9,22,27,-5,22,h
2038362,20,eve,liv,9,5,5,10,4,29,26,3,25,8,10,1,25,14,11,34,d
2038362,20,tot,west,7,12,8,4,7,31,24,7,28,3,9,7,16,27,-11,18,h
2038362,20,mbl,bou,4,1,10,6,3,35,24,11,36,12,4,3,32,19,13,40,a
2038362,20,new,kiev,16,11,4,1,14,17,44,-27,13,5,4,10,25,29,-4,19,h
2038362,20,sou,cry,15,14,3,5,11,15,31,-16,14,4,3,12,20,36,-16,15,d
2038362,20,lond,che,2,3,10,7,2,35,16,19,37,10,7,2,38,21,17,37,h
2038362,20,bur,mre,13,8,4,4,11,17,27,-10,16,8,4,7,30,30,0,28,a
2038362,21,kiev,lond,11,2,5,4,11,27,32,-5,19,11,7,2,37,17,20,40,d
2038362,21,wol,eve,10,9,6,4,10,22,28,-6,22,5,11,4,30,27,3,26,h
2038362,21,che,tot,3,7,10,3,7,39,23,16,33,9,4,7,32,24,8,31,h
2038362,21,mre,new,8,15,9,4,7,32,31,1,31,5,1,14,20,46,-26,16,h
2038362,21,bou,sou,1,16,13,4,3,34,20,14,43,3,6,11,15,31,-16,15,h
2038362,21,west,wat,12,6,3,9,8,16,28,-12,18,9,6,5,22,13,9,33,d
2038362,21,cry,bur,14,13,4,4,12,20,36,-16,16,4,4,12,18,29,-11,16,h
2038362,21,liv,mbl,5,4,8,11,1,26,15,11,35,10,6,4,36,26,10,36,h
2038362,22,tot,wat,8,6,9,4,8,33,26,7,31,9,7,5,22,13,9,34,h
2038362,22,mbl,wol,5,10,10,6,5,36,28,8,36,7,4,10,27,29,-2,25,h
2038362,22,lond,mre,2,7,11,8,2,40,20,20,41,10,4,7,34,32,2,34,h
2038362,22,che,kiev,3,11,11,7,3,41,24,17,40,5,5,11,30,35,-5,20,h
2038362,22,sou,liv,16,4,3,6,12,15,32,-17,15,9,11,1,28,15,13,38,a
2038362,22,eve,west,9,12,5,11,5,31,32,-1,26,3,10,8,16,28,-12,19,a
2038362,22,bur,bou,14,1,4,4,13,19,31,-12,16,14,4,3,35,20,15,46,h
2038362,22,new,cry,15,13,5,1,15,21,48,-27,16,5,4,12,22,37,-15,19,h
2038362,23,kiev,tot,12,6,5,5,12,31,38,-7,20,10,4,8,34,26,8,34,a
2038362,23,bou,new,1,15,14,4,4,36,22,14,46,6,1,15,24,48,-24,19,h
2038362,23,cry,lond,14,2,5,4,13,22,40,-18,19,12,8,2,43,20,23,44,d
2038362,23,wat,eve,7,9,9,7,6,22,14,8,34,5,11,6,32,35,-3,26,a
2038362,23,west,mbl,11,5,4,10,8,19,29,-10,22,11,6,5,40,28,12,39,a
2038362,23,liv,bur,4,13,10,11,1,32,15,17,41,5,4,13,21,32,-11,19,d
2038362,23,mre,che,8,3,10,4,8,34,35,-1,34,12,7,3,44,25,19,43,h
2038362,23,wol,sou,10,16,7,4,11,27,33,-6,25,3,6,13,15,36,-21,15,h
2038362,24,sou,west,16,11,3,6,14,15,38,-23,15,4,10,9,19,32,-13,22,h
2038362,24,new,liv,15,4,6,1,16,24,50,-26,19,10,12,1,33,16,17,42,a
2038362,24,mbl,wat,5,8,12,6,5,43,28,15,42,9,7,7,23,16,7,34,a
2038362,24,tot,eve,6,9,11,4,8,36,26,10,37,6,11,6,34,36,-2,29,a
2038362,24,kiev,mre,12,7,5,5,13,31,40,-9,20,11,4,8,35,35,0,37,a
2038362,24,bur,wol,13,10,5,5,13,22,33,-11,20,8,4,11,29,33,-4,28,h
2038362,24,che,cry,3,14,12,7,4,44,26,18,43,5,5,13,24,42,-18,20,h
2038362,24,lond,bou,2,1,12,9,2,45,22,23,45,15,4,4,38,22,16,49,a
2038362,25,cry,kiev,14,13,5,5,14,24,43,-19,20,5,5,14,31,42,-11,20,a
2038362,25,bou,che,1,2,16,4,4,39,22,17,52,13,7,4,45,26,19,46,h
2038362,25,eve,mbl,9,5,7,11,6,36,37,-1,32,12,6,6,43,29,14,42,d
2038362,25,west,bur,12,11,4,10,10,20,34,-14,22,6,5,13,25,33,-8,23,a
2038362,25,wol,new,10,15,8,4,12,29,36,-7,28,6,1,17,24,51,-27,19,h
2038362,25,mre,tot,6,7,12,4,8,37,35,2,40,11,4,9,37,28,9,37,a
2038362,25,wat,sou,8,16,10,7,7,24,16,8,37,4,6,14,17,39,-22,18,h
2038362,25,liv,lond,4,3,11,2,1,34,16,18,35,12,9,3,45,23,22,45,d
2038362,26,che,liv,4,3,13,7,5,47,29,18,46,11,13,1,34,16,18,46,h
2038362,26,lond,wol,2,10,12,10,3,45,23,22,46,9,4,12,31,36,-5,31,d
2038362,26,kiev,bou,12,1,6,5,14,34,44,-10,23,17,4,4,42,24,18,55,a
2038362,26,tot,mbl,6,5,12,4,9,40,29,11,40,12,7,6,46,32,14,43,h
2038362,26,bur,wat,11,7,7,5,13,27,33,-6,26,11,7,7,26,16,10,40,h
2038362,26,sou,eve,16,9,4,6,15,17,41,-24,18,7,12,6,39,40,-1,33,d
2038362,26,mre,cry,8,14,12,4,9,38,38,0,40,5,5,15,26,46,-20,20,h
2038362,26,new,west,15,13,6,1,18,24,53,-29,19,4,10,11,20,36,-16,22,h
2038362,27,bou,mre,1,7,18,4,4,46,25,21,58,13,4,9,41,38,3,43,h
2038362,27,mbl,sou,6,16,12,7,7,46,35,11,43,4,7,15,18,42,-24,19,h
2038362,27,eve,bur,9,11,7,13,6,40,41,-1,34,8,5,13,29,34,-5,29,d
2038362,27,wol,che,10,2,9,5,12,31,36,-5,32,14,7,5,50,29,21,49,a
2038362,27,liv,kiev,4,12,11,13,2,34,19,15,46,6,5,15,35,48,-13,23,h
2038362,27,west,lond,13,3,4,10,12,21,38,-17,22,12,11,3,45,23,22,47,h
2038362,27,cry,tot,15,5,5,5,16,26,49,-23,20,13,4,9,43,29,14,43,h
2038362,27,wat,new,8,14,11,7,8,27,18,9,40,7,1,18,26,54,-28,22,a
2038362,28,mre,liv,7,3,13,4,10,42,39,3,43,12,13,2,37,21,16,49,h
2038362,28,new,eve,13,9,8,1,18,27,54,-27,25,7,14,6,41,42,-1,35,h
2038362,28,che,west,2,12,15,7,5,51,29,22,52,5,10,12,23,38,-15,25,a
2038362,28,tot,sou,6,16,13,4,10,44,32,12,43,4,7,16,18,44,-26,19,a
2038362,28,cry,bou,15,1,6,5,16,29,50,-21,23,19,4,4,48,26,22,61,h
2038362,28,lond,wat,4,8,12,11,14,45,25,20,47,11,7,9,27,19,8,40,a
2038362,28,bur,mbl,11,5,8,6,13,30,35,-5,30,13,7,7,48,35,13,46,h
2038362,28,kiev,wol,14,10,6,5,16,37,51,-14,23,9,5,13,31,37,-6,32,d
2038362,29,wat,che,8,2,12,7,9,29,19,10,43,15,7,6,51,30,21,52,d
2038362,29,mbl,new,5,13,13,7,8,48,36,12,46,9,1,18,29,55,-26,28,h
2038362,29,wol,mre,11,6,9,6,13,31,37,-6,33,14,4,10,43,39,4,46,d
2038362,29,bou,tot,1,7,19,4,5,50,29,21,61,13,4,11,44,33,11,43,h
2038362,29,sou,bur,16,10,5,7,16,19,44,-25,22,9,6,13,31,35,-4,33,a
2038362,29,eve,lond,9,4,7,14,7,42,44,-2,35,12,11,15,45,27,18,47,h
2038362,29,liv,cry,3,14,12,13,3,37,22,15,49,7,5,16,32,52,-20,26,d
2038362,29,west,kiev,12,15,6,10,12,24,38,-14,28,6,6,16,37,51,-14,24,d
2038362,30,new,sou,13,16,9,1,19,29,60,-31,28,5,7,17,19,45,-26,22,d
2038362,30,cry,wol,14,11,7,6,16,34,54,-20,27,9,7,13,33,39,-6,34,d
2038362,30,lond,mbl,5,4,12,11,16,46,29,17,47,14,7,8,53,36,17,49,d
2038362,30,kiev,wat,15,7,6,7,16,37,51,-14,25,12,8,9,31,21,10,44,a
2038362,30,mre,west,6,12,14,5,10,45,41,4,47,6,11,12,24,38,-14,29,d
2038362,30,bou,liv,1,3,20,4,5,52,30,22,64,12,14,3,39,24,15,50,d
2038362,30,tot,bur,8,10,13,4,12,45,35,10,43,10,6,13,32,35,-3,36,a
2038362,30,che,eve,2,9,15,8,6,53,32,21,53,8,14,7,44,45,-1,38,d
2038422,1,bur,new,0,0,0,0,0,0,0,0,0,0,0,0,0,0,0,0,h
2038422,1,kiev,sou,0,0,0,0,0,0,0,0,0,0,0,0,0,0,0,0,h
2038422,1,bou,lond,0,0,0,0,0,0,0,0,0,0,0,0,0,0,0,0,h
2038422,1,che,wol,0,0,0,0,0,0,0,0,0,0,0,0,0,0,0,0,h
2038422,1,cry,eve,0,0,0,0,0,0,0,0,0,0,0,0,0,0,0,0,a
2038422,1,wat,mbl,0,0,0,0,0,0,0,0,0,0,0,0,0,0,0,0,d
2038422,1,tot,west,0,0,0,0,0,0,0,0,0,0,0,0,0,0,0,0,h
2038422,1,liv,mre,0,0,0,0,0,0,0,0,0,0,0,0,0,0,0,0,h
2038422,2,wol,tot,13,1,0,0,1,0,1,-1,0,1,0,0,5,0,5,3,d
2038422,2,mbl,cry,8,15,0,1,0,0,0,0,1,0,0,1,0,4,-4,0,h
2038422,2,lond,kiev,10,4,0,0,1,0,1,-1,0,1,0,0,2,1,1,3,h
2038422,2,new,liv,12,3,0,0,1,1,2,-1,0,1,0,0,2,0,2,3,h
2038422,2,west,wat,16,9,0,0,1,0,5,-5,0,0,1,0,0,0,0,1,d
2038422,2,eve,bur,2,5,1,0,0,4,0,4,3,1,0,0,2,1,1,3,h
2038422,2,mre,bou,14,7,0,0,1,0,2,-2,0,1,0,0,1,0,1,3,h
2038422,2,sou,che,11,6,0,0,1,1,2,-1,0,1,0,0,1,0,1,3,h
2038422,3,kiev,mre,6,12,1,0,1,4,4,0,3,1,0,1,3,4,-1,3,h
2038422,3,west,mbl,15,3,0,1,1,2,7,-5,1,1,1,0,2,0,2,4,a
2038422,3,wat,wol,13,14,0,2,0,2,2,0,2,0,1,1,1,2,-1,1,h
2038422,3,bur,cry,7,16,1,0,1,2,2,0,3,0,0,2,0,6,-6,0,d
2038422,3,tot,sou,2,4,1,1,0,6,1,5,4,1,0,1,4,3,1,3,h
2038422,3,liv,eve,9,1,1,0,1,3,3,0,3,2,0,0,5,0,5,6,a
2038422,3,che,lond,11,8,1,0,1,2,3,-1,3,1,0,1,3,3,0,3,h
2038422,3,bou,new,10,5,1,0,1,3,3,0,3,1,0,1,4,3,1,3,h
2038422,4,new,kiev,10,5,1,0,2,4,5,-1,3,2,0,1,5,4,1,6,h
2038422,4,cry,liv,15,13,0,1,2,0,6,-6,1,1,0,2,3,6,-3,3,h
2038422,4,eve,bou,1,4,3,0,0,8,0,8,9,2,0,1,5,3,2,6,a
2038422,4,wol,west,14,16,0,1,2,1,4,-3,1,0,1,2,2,12,-10,1,d
2038422,4,mre,che,12,6,1,0,2,3,5,-2,3,2,0,1,3,3,0,6,h
2038422,4,mbl,bur,3,8,2,1,0,7,0,7,7,1,1,1,2,2,0,4,h
2038422,4,sou,wat,11,7,1,0,2,5,7,-2,3,1,2,0,4,2,2,5,d
2038422,4,lond,tot,9,2,1,0,2,3,4,-1,3,2,1,0,10,2,8,7,d
2038422,5,west,sou,16,12,0,2,2,3,13,-10,2,1,1,2,6,8,-2,4,d
2038422,5,wat,lond,5,10,1,3,0,5,3,2,6,1,1,2,5,6,-1,4,d
2038422,5,wol,mbl,15,1,0,2,2,2,5,-3,2,3,1,0,9,0,9,10,d
2038422,5,tot,mre,4,9,2,2,0,12,4,8,8,2,0,2,6,7,-1,6,d
2038422,5,bou,cry,3,13,3,0,1,7,4,3,9,1,1,2,4,8,-4,4,h
2038422,5,che,new,8,7,2,0,2,5,6,-1,6,2,0,2,5,5,0,6,h
2038422,5,liv,bur,14,11,1,0,3,5,10,-5,3,1,1,2,2,4,-2,4,h
2038422,5,kiev,eve,6,2,2,0,2,5,5,0,6,3,0,1,9,2,7,9,h
2038422,6,bur,bou,13,1,1,1,3,2,8,-6,4,4,0,1,10,4,6,12,a
2038422,6,lond,west,11,16,1,2,2,6,7,-1,5,0,3,2,5,15,-10,3,h
2038422,6,mbl,liv,2,9,3,2,0,11,2,9,11,2,0,3,9,10,-1,6,h
2038422,6,cry,kiev,14,5,1,1,3,4,11,-7,4,3,0,2,8,5,3,9,a
2038422,6,new,tot,10,3,2,0,3,5,8,-3,6,2,3,0,14,6,8,9,a
2038422,6,sou,wol,12,15,1,2,2,8,10,-2,5,0,3,2,4,7,-3,3,d
2038422,6,eve,che,4,6,3,0,2,9,5,4,9,3,0,2,8,6,2,9,a
2038422,6,mre,wat,8,7,2,1,2,8,9,-1,7,1,4,0,6,4,2,7,d
2038422,7,sou,mbl,10,2,1,3,2,8,10,-2,6,4,2,0,13,3,10,14,d
2038422,7,west,mre,16,9,0,3,3,6,17,-11,3,2,2,2,10,11,-1,8,a
2038422,7,kiev,bur,4,14,4,0,2,10,6,4,12,1,1,4,2,9,-7,4,d
2038422,7,bou,liv,1,11,5,0,1,11,4,7,15,2,0,4,10,12,-2,6,d
2038422,7,wat,new,7,12,1,5,0,8,6,2,8,2,0,4,5,11,-6,6,d
2038422,7,wol,lond,13,8,0,4,2,4,7,-3,4,2,2,2,8,8,0,8,a
2038422,7,tot,eve,3,6,3,3,0,17,6,11,12,3,0,3,9,7,2,9,h
2038422,7,che,cry,5,15,4,0,2,10,6,4,12,1,1,4,5,13,-8,4,h
2038422,8,mbl,bou,3,1,4,3,0,14,4,10,15,5,1,1,11,4,7,16,a
2038422,8,cry,tot,15,2,1,1,5,5,15,-10,4,4,3,0,20,7,13,15,h
2038422,8,bur,che,13,4,1,2,4,2,9,-7,5,5,0,2,12,6,6,15,a
2038422,8,lond,sou,6,10,3,2,2,11,8,3,11,1,4,2,9,11,-2,7,h
2038422,8,mre,wol,7,14,3,2,2,11,11,0,11,0,4,3,4,10,-6,4,a
2038422,8,eve,wat,9,8,3,0,4,10,10,0,9,1,6,0,9,7,2,9,h
2038422,8,liv,kiev,11,5,2,1,4,10,12,-2,7,4,1,2,10,6,4,13,h
2038422,8,new,west,12,16,2,1,4,6,12,-6,7,0,3,4,6,18,-12,3,d
2038422,9,wol,new,13,11,1,4,3,5,10,-5,7,2,2,4,6,12,-6,8,h
2038422,9,wat,cry,10,14,1,6,1,9,9,0,9,2,1,5,6,15,-9,7,d
2038422,9,sou,mre,12,8,1,4,3,9,12,-3,7,3,2,3,11,12,-1,11,d
2038422,9,lond,mbl,5,4,4,2,2,12,8,4,14,4,3,1,14,5,9,15,a
2038422,9,kiev,bou,6,1,4,1,3,10,8,2,13,6,1,1,12,4,8,19,a
2038422,9,west,eve,16,7,0,4,4,6,18,-12,4,4,0,4,12,10,2,12,a
2038422,9,che,liv,2,9,6,0,2,14,6,8,18,3,1,4,12,12,0,10,a
2038422,9,tot,bur,3,15,4,3,1,20,8,12,15,1,2,5,2,11,-9,5,h
2038422,10,bou,che,1,4,7,1,1,16,5,11,22,6,0,3,14,7,7,18,d
2038422,10,liv,tot,7,2,4,1,4,13,12,1,13,5,3,1,24,8,16,18,h
2038422,10,mre,lond,9,6,3,3,3,12,13,-1,12,4,2,3,13,12,1,14,h
2038422,10,eve,wol,5,11,5,0,4,15,11,4,15,2,4,3,9,10,-1,10,h
2038422,10,cry,west,13,16,2,2,5,7,16,-9,8,0,4,5,7,21,-14,4,d
2038422,10,mbl,kiev,3,8,5,3,1,18,6,12,18,4,1,4,11,12,-1,13,d
2038422,10,new,sou,14,12,2,2,5,6,16,-10,8,1,5,3,10,13,-3,8,d
2038422,10,bur,wat,15,10,1,2,6,2,15,-13,5,1,7,1,10,10,0,10,a
2038422,11,wat,liv,10,6,2,7,1,12,10,2,13,5,1,4,14,12,2,16,h
2038422,11,west,bur,15,16,0,5,5,9,23,-14,5,1,2,7,2,17,-15,5,a
2038422,11,tot,bou,4,1,5,3,2,24,9,15,18,7,2,1,17,6,11,23,a
2038422,11,mre,mbl,7,2,4,3,3,14,13,1,15,5,4,1,19,7,12,19,a
2038422,11,sou,eve,12,5,1,6,3,10,13,-3,9,6,0,4,18,12,6,18,d
2038422,11,lond,new,9,14,4,2,4,13,14,-1,14,2,3,5,6,16,-10,9,h
2038422,11,che,kiev,3,8,6,1,3,15,8,7,19,4,2,4,12,13,-1,14,h
2038422,11,wol,cry,11,13,2,4,4,10,13,-3,10,2,3,5,9,18,-9,9,h
2038422,12,kiev,tot,10,5,4,2,5,12,15,-3,14,5,3,3,25,11,14,18,h
2038422,12,new,mre,14,9,2,3,6,6,19,-13,9,4,3,4,15,16,-1,15,h
2038422,12,eve,lond,4,6,6,1,4,20,14,6,19,5,2,4,16,14,2,17,a
2038422,12,liv,west,8,16,5,1,5,14,13,1,16,0,5,6,9,24,-15,5,h
2038422,12,bou,wat,1,7,8,2,1,19,7,12,26,3,7,1,13,10,3,16,h
2038422,12,bur,wol,15,11,2,2,7,3,17,-14,8,3,4,4,12,14,-2,13,d
2038422,12,mre,che,9,3,4,3,4,15,16,-1,15,7,1,3,17,8,9,22,h
2038422,12,cry,sou,13,12,2,3,6,10,20,-10,9,1,7,3,12,15,-3,10,h
2038422,13,wat,kiev,9,8,3,7,2,13,11,2,16,5,2,5,16,16,0,17,a
2038422,13,lond,cry,4,12,6,2,4,20,15,5,20,3,3,6,12,20,-8,12,h
2038422,13,wol,liv,11,5,3,5,4,13,15,-2,14,6,1,5,18,13,5,19,d
2038422,13,new,mbl,13,2,3,3,6,8,20,-12,12,7,4,1,24,9,15,25,a
2038422,13,tot,che,7,3,5,3,4,26,15,11,18,7,1,4,18,10,8,22,h
2038422,13,sou,bur,14,15,1,7,4,12,17,-5,10,2,3,7,4,18,-14,9,d
2038422,13,mre,eve,10,6,4,3,5,16,18,-2,15,6,1,5,21,18,3,19,d
2038422,13,west,bou,16,1,0,5,7,9,28,-19,5,9,2,1,20,7,13,29,h
2038422,14,liv,sou,6,14,6,2,5,18,13,5,20,1,8,4,12,17,-5,11,h
2038422,14,cry,mre,12,10,3,3,7,13,23,-10,12,4,4,5,16,18,-2,16,a
2038422,14,kiev,west,8,16,6,2,5,18,17,1,20,1,5,7,12,29,-17,8,h
2038422,14,mbl,tot,2,5,8,4,1,26,10,16,28,6,3,4,30,17,13,21,h
2038422,14,eve,new,7,13,6,2,5,21,18,3,20,3,3,7,9,22,-13,12,d
2038422,14,bur,lond,15,3,2,4,7,4,18,-14,10,7,2,4,23,16,7,23,a
2038422,14,che,wat,4,9,7,1,5,20,14,6,22,3,7,3,14,13,1,16,a
2038422,14,bou,wol,1,11,9,2,2,21,10,11,29,3,6,4,13,15,-2,15,a
2038422,15,new,cry,12,13,3,4,7,10,23,-13,13,3,3,8,13,25,-12,12,a
2038422,15,west,che,16,6,1,5,8,13,33,-20,8,7,1,6,20,15,5,22,a
2038422,15,mre,bur,10,15,5,4,5,18,18,0,19,2,4,8,4,20,-16,10,d
2038422,15,sou,bou,14,2,1,8,5,12,19,-7,11,9,2,3,21,11,10,29,a
2038422,15,wol,kiev,11,5,4,6,4,14,15,-1,18,7,2,5,22,18,4,23,a
2038422,15,wat,tot,9,7,4,7,3,15,13,2,19,6,3,5,30,18,12,21,a
2038422,15,eve,mbl,8,1,6,3,5,22,19,3,21,9,4,1,27,10,17,31,h
2038422,15,lond,liv,3,4,8,2,4,25,16,9,26,7,2,5,20,13,7,23,a
2038422,16,new,bur,13,15,3,4,8,10,24,-14,13,2,5,8,4,20,-16,11,d
2038422,16,sou,kiev,14,5,1,8,6,12,20,-8,11,8,2,5,25,18,7,26,a
2038422,16,lond,bou,3,1,8,2,5,26,18,8,26,10,2,3,22,11,11,32,a
2038422,16,wol,che,11,6,4,6,5,14,18,-4,18,8,1,6,24,15,9,25,h
2038422,16,eve,cry,8,12,7,3,5,28,19,9,24,4,3,8,14,25,-11,15,h
2038422,16,mbl,wat,2,10,9,4,2,27,16,11,31,4,7,4,15,15,0,19,d
2038422,16,west,tot,16,7,1,5,9,13,37,-24,8,7,3,5,32,18,14,24,h
2038422,16,mre,liv,9,4,5,5,5,18,18,0,20,8,2,5,22,14,8,26,h
2038422,17,tot,wol,8,10,7,3,6,33,20,13,24,5,6,5,16,19,-3,21,d
2038422,17,cry,mbl,12,2,4,3,9,14,26,-12,15,9,5,2,29,18,11,32,h
2038422,17,kiev,lond,3,5,9,2,5,30,19,11,29,8,2,6,27,20,7,26,a
2038422,17,liv,new,6,13,8,2,6,22,15,7,26,3,5,8,11,25,-14,14,h
2038422,17,wat,west,11,16,4,8,4,17,17,0,20,2,5,9,15,38,-23,11,d
2038422,17,bur,eve,14,4,2,6,8,5,21,-16,12,8,3,5,29,19,10,27,h
2038422,17,bou,mre,1,9,11,2,3,24,12,12,35,6,5,5,19,18,1,23,h
2038422,17,che,sou,7,15,8,1,7,25,17,8,25,1,8,7,13,25,-12,11,h
2038422,18,mre,kiev,9,3,6,5,6,19,19,0,23,9,2,6,30,20,10,29,h
2038422,18,mbl,west,2,15,9,5,3,30,21,9,32,2,6,9,16,39,-23,12,d
2038422,18,wol,wat,10,11,5,7,5,19,22,-3,22,4,9,4,18,18,0,21,d
2038422,18,cry,bur,12,13,5,3,9,17,27,-10,18,3,6,8,7,21,-14,15,a
2038422,18,sou,tot,16,8,1,8,8,14,28,-14,11,7,4,6,36,23,13,25,a
2038422,18,eve,liv,7,4,8,3,6,29,21,8,27,9,2,6,24,15,9,29,a
2038422,18,lond,che,5,6,9,2,6,28,20,8,29,9,1,7,28,18,10,28,d
2038422,18,new,bou,14,1,3,5,9,11,27,-16,14,12,2,3,25,12,13,38,a
2038422,19,kiev,new,6,14,9,2,7,31,22,9,29,3,5,10,11,30,-19,14,h
2038422,19,liv,cry,3,12,10,2,6,28,18,10,32,5,3,10,17,28,-11,18,h
2038422,19,bou,eve,1,8,13,2,3,28,12,16,41,8,3,7,32,25,7,27,a
2038422,19,west,wol,15,10,2,7,9,17,40,-23,13,5,8,5,19,22,-3,23,a
2038422,19,che,mre,5,9,9,2,7,30,20,10,29,7,5,6,21,20,1,26,a
2038422,19,bur,mbl,13,2,4,6,8,8,21,-13,18,9,6,3,31,22,9,33,a
2038422,19,wat,sou,11,16,4,10,4,18,18,0,22,1,8,9,15,30,-15,11,d
2038422,19,tot,lond,7,4,8,4,6,38,24,14,28,9,3,6,30,22,8,30,h
2038422,20,sou,west,16,15,1,9,9,16,31,-15,12,2,7,10,18,42,-24,13,h
2038422,20,lond,wat,7,11,9,3,7,31,26,5,30,4,11,4,19,19,0,23,h
2038422,20,mbl,wol,2,10,10,6,3,34,22,12,36,6,8,5,21,23,-2,26,h
2038422,20,mre,tot,9,5,8,5,6,23,20,3,29,9,4,6,42,25,17,31,d
2038422,20,cry,bou,12,1,5,3,11,18,31,-13,18,13,2,4,29,15,14,41,a
2038422,20,new,che,14,8,3,5,11,12,32,-20,14,9,2,8,30,22,8,29,a
2038422,20,bur,liv,13,3,4,6,9,8,24,-16,18,11,2,6,31,19,12,35,a
2038422,20,eve,kiev,6,4,9,3,7,35,26,9,30,10,2,7,33,23,10,32,h
2038422,21,bou,bur,1,13,14,2,4,30,15,15,44,4,6,10,8,26,-18,18,h
2038422,21,west,lond,16,5,2,7,11,19,46,-27,13,10,3,7,32,26,6,33,a
2038422,21,liv,mbl,3,2,12,2,6,33,19,14,38,11,6,3,39,22,17,39,h
2038422,21,kiev,cry,8,12,10,2,8,35,27,8,32,5,3,12,18,32,-14,18,h
2038422,21,tot,new,6,15,9,5,6,43,26,17,32,3,5,12,13,34,-21,14,h
2038422,21,wol,sou,10,14,6,8,6,21,28,-7,26,2,9,9,20,32,-12,15,h
2038422,21,che,eve,7,4,10,2,8,32,23,9,32,10,3,7,39,28,11,33,d
2038422,21,mre,wat,9,11,8,6,6,24,21,3,30,4,11,5,19,20,-1,23,a
2038422,22,mbl,sou,3,14,11,6,4,39,25,14,39,2,9,10,21,35,-14,15,h
2038422,22,mre,west,9,16,9,6,6,25,21,4,33,2,7,12,20,50,-30,13,h
2038422,22,bur,kiev,13,6,4,6,11,9,28,-19,18,11,2,8,39,27,12,35,d
2038422,22,liv,bou,2,1,13,2,6,36,19,17,41,15,2,4,32,16,16,47,d
2038422,22,new,wat,15,11,3,5,13,14,38,-24,14,4,11,6,19,21,-2,23,h
2038422,22,lond,wol,4,10,11,3,7,36,27,9,36,7,8,6,24,29,-5,29,d
2038422,22,eve,tot,7,5,10,4,7,40,29,11,34,10,5,6,47,27,20,35,a
2038422,22,cry,che,12,8,5,3,13,18,36,-18,18,10,3,8,33,24,9,33,a
2038422,23,bou,mbl,1,3,15,3,4,33,17,16,48,12,6,4,41,25,16,42,h
2038422,23,tot,cry,4,13,11,5,6,51,28,23,38,5,3,14,19,38,-19,18,h
2038422,23,che,bur,7,12,11,3,8,35,25,10,36,4,7,11,10,29,-19,19,d
2038422,23,sou,lond,15,5,2,9,11,21,37,-16,15,11,4,7,37,28,9,37,d
2038422,23,wol,mre,10,8,7,9,6,25,30,-5,30,10,6,6,27,21,6,36,a
2038422,23,wat,eve,11,9,4,11,7,19,22,-3,23,10,4,8,41,33,8,34,a
2038422,23,kiev,liv,6,2,11,3,8,40,28,12,36,13,3,6,37,20,17,42,a
2038422,23,west,new,16,14,2,7,13,20,52,-32,13,4,5,13,15,38,-23,17,h
2038422,24,new,wol,14,10,4,5,14,17,41,-24,17,7,9,7,25,34,-9,30,h
2038422,24,cry,wat,13,11,5,3,15,20,41,-21,18,4,11,8,20,27,-7,23,h
2038422,24,mre,sou,5,15,11,6,6,31,21,10,39,2,10,11,22,38,-16,16,h
2038422,24,mbl,lond,3,6,12,6,5,42,27,15,42,11,5,7,38,29,9,38,h
2038422,24,bou,kiev,1,9,16,3,4,35,18,17,51,11,3,9,40,29,11,36,d
2038422,24,eve,west,7,16,11,4,8,46,34,12,37,3,7,13,23,54,-31,16,h
2038422,24,liv,che,2,8,14,3,6,38,20,18,45,11,4,8,36,26,10,37,h
2038422,24,bur,tot,12,4,4,8,11,11,30,-19,20,12,5,6,54,29,25,41,a
2038422,25,che,bou,9,1,11,4,9,36,29,7,37,16,4,4,36,19,17,52,d
2038422,25,tot,liv,4,2,13,5,6,55,29,26,44,15,3,6,41,20,21,48,d
2038422,25,lond,mre,7,5,11,5,8,40,34,6,38,12,6,6,32,21,11,42,h
2038422,25,wol,eve,10,6,7,9,8,26,36,-10,30,12,4,8,48,35,13,40,h
2038422,25,west,cry,16,12,3,7,14,24,56,-32,16,6,3,15,22,41,-19,21,h
2038422,25,kiev,mbl,8,3,11,4,9,41,30,11,37,13,6,5,47,29,18,45,d
2038422,25,sou,new,15,14,2,10,12,22,39,-17,16,5,5,14,19,42,-23,20,h
2038422,25,wat,bur,11,13,4,11,9,20,29,-9,23,4,8,12,11,31,-20,20,h
2038422,26,liv,wat,2,11,15,4,6,41,20,21,49,5,11,9,22,30,-8,26,h
2038422,26,bur,west,13,16,4,8,13,12,33,-21,20,4,7,15,25,56,-31,19,h
2038422,26,bou,tot,1,4,16,5,4,36,19,17,53,13,6,6,55,29,26,45,h
2038422,26,mbl,mre,3,5,13,7,5,48,30,18,46,12,6,7,33,23,10,42,h
2038422,26,eve,sou,7,15,12,4,9,48,36,12,40,3,10,12,23,39,-16,19,a
2038422,26,new,lond,14,6,5,5,15,19,43,-24,20,12,5,8,42,35,7,41,a
2038422,26,kiev,che,8,9,11,5,9,42,31,11,38,11,5,9,36,29,7,38,d
2038422,26,cry,wol,12,10,6,3,16,22,42,-20,21,8,9,8,27,36,-9,33,a
2038422,27,tot,kiev,4,8,13,6,7,55,30,25,45,11,6,9,43,32,11,39,h
2038422,27,mre,new,6,15,12,6,8,34,28,6,42,5,5,16,20,47,-27,20,h
2038422,27,lond,eve,5,7,13,5,8,46,36,10,44,12,4,10,48,38,10,40,h
2038422,27,west,liv,16,2,4,7,15,25,59,-34,19,16,4,6,44,22,22,52,h
2038422,27,wat,bou,11,1,5,11,10,24,33,-9,26,17,5,4,37,19,18,56,d
2038422,27,wol,bur,10,12,9,9,8,28,36,-8,36,5,8,13,15,33,-18,23,d
2038422,27,che,mbl,9,3,11,6,9,37,30,7,39,14,7,5,53,31,22,49,h
2038422,27,sou,cry,13,14,4,10,12,25,39,-14,22,6,3,17,22,43,-21,21,a
2038422,28,kiev,wat,9,11,11,6,10,44,34,10,39,5,12,10,26,35,-9,27,h
2038422,28,cry,lond,13,5,7,3,17,23,43,-20,24,14,5,8,47,36,11,47,a
2038422,28,liv,wol,2,10,16,4,7,44,23,21,52,9,10,8,29,37,-8,37,h
2038422,28,mbl,new,3,16,14,7,6,55,35,20,49,5,5,17,22,51,-29,20,h
2038422,28,che,tot,8,4,12,6,9,41,32,9,42,14,6,7,57,31,26,48,d
2038422,28,bur,sou,12,14,5,9,13,16,34,-18,24,4,10,13,25,40,-15,22,h
2038422,28,eve,mre,7,6,12,4,11,48,39,9,40,13,6,8,38,30,8,45,d
2038422,28,bou,west,1,15,17,6,14,39,21,18,57,5,7,15,26,59,-33,22,h
2038422,29,sou,liv,14,2,4,10,14,25,43,-18,22,17,4,7,45,23,22,55,a
2038422,29,mre,cry,6,13,13,7,8,38,30,8,46,7,3,18,23,46,-23,24,h
2038422,29,west,kiev,15,8,5,7,15,26,59,-33,22,12,6,10,45,34,11,42,a
2038422,29,tot,mbl,5,3,14,7,7,59,33,26,49,15,7,6,56,35,21,52,a
2038422,29,new,eve,16,9,5,5,18,22,52,-30,20,12,5,11,48,39,9,41,a
2038422,29,lond,bur,4,12,15,5,8,50,36,14,50,6,9,13,19,34,-15,27,d
2038422,29,wat,che,11,7,5,12,11,26,36,-10,27,12,7,9,43,34,9,43,a
2038422,29,wol,bou,10,1,9,10,9,29,38,-9,37,18,6,4,44,22,22,60,d
2038422,30,cry,new,13,16,7,3,19,23,50,-27,24,5,5,19,22,53,-31,20,a
2038422,30,che,west,7,15,13,7,9,45,34,11,46,5,7,16,26,62,-36,22,h
2038422,30,bur,mre,11,6,6,10,13,21,36,-15,28,14,7,8,42,30,12,49,h
2038422,30,bou,sou,1,14,18,7,4,45,23,22,61,4,10,15,27,47,-20,22,h
2038422,30,kiev,wol,8,10,13,6,10,48,34,14,45,9,11,9,30,39,-9,38,a
2038422,30,tot,wat,5,12,14,7,8,60,35,25,49,5,12,12,26,38,-12,27,h
2038422,30,mbl,eve,3,9,16,7,6,58,36,22,55,13,5,11,49,39,10,44,h
2038422,30,liv,lond,2,4,18,4,7,49,25,24,58,15,6,8,52,38,14,51,d
